,0,1,2,3,4,5,6
0,4,197090604,1,1681341851.0996,1681342344.5997,493.5,13
1,5,191253122,1,1681340400.0997,1681342223.0997,1823.0,83
2,6,191252717,1,1681340400.0997,1681348106.5998,7706.5,0
3,7,190697225,1,1681340400.0998,1681345337.0996,4937.0,0
4,8,191252718,1,1681340400.0997,1681344979.0998,4579.0,0
5,9,191252718,1,1681345110.5998,1681345438.0999,327.5,0
6,10,194749501,1,1681340861.0998,1681342073.0998,1212.0,138
7,11,196822745,1,1681341599.5997,1681341980.5996,381.0,117
8,12,191253250,1,1681340400.0997,1681346313.0997,5913.0,83
9,13,191252746,1,1681340400.0997,1681357542.5999,17142.5,83
10,14,196361684,1,1681341402.0997,1681341876.5998,474.5,108
11,15,196920313,1,1681341718.5997,1681342632.0997,913.5,66
12,16,191963536,1,1681340400.0997,1681341936.5999,1536.5,83
13,17,191252743,1,1681340400.0997,1681342537.5997,2137.5,84
14,18,197068924,1,1681341754.0999,1681342867.0997,1113.0,25
15,19,196457441,1,1681341459.5996,1681342939.5997,1480.0,71
16,20,196519355,1,1681341465.0998,1681342651.5998,1186.5,108
17,21,196708236,1,1681341590.0997,1681341906.5998,316.5,66
18,22,197059707,1,1681341702.0997,1681342228.5998,526.5,66
19,23,190696992,1,1681340400.0998,1681347533.5996,7133.5,92
20,24,192612777,1,1681340400.0997,1681346466.0998,6066.0,0
21,25,190696995,1,1681340400.0998,1681342780.5997,2380.5,92
22,26,195685369,1,1681341093.5997,1681347120.5997,6027.0,184
23,27,197072882,1,1681341693.5997,1681342213.0998,519.5,72
24,28,193436503,1,1681340400.0998,1681344642.5996,4242.5,108
25,29,191253374,1,1681340400.0997,1681345876.5998,5476.5,83
26,30,191253486,1,1681342278.5997,1681342945.0997,666.5,0
27,31,191253486,1,1681343104.5997,1681343416.0998,311.5,0
28,32,191253486,1,1681343685.5997,1681344845.0997,1159.5,0
29,33,191253486,1,1681345193.0998,1681346942.5998,1749.5,0
30,34,191253486,1,1681346943.0997,1681347472.5998,529.5,0
31,35,191253486,1,1681351645.5998,1681352899.5997,1254.0,0
32,36,191253486,1,1681352900.0997,1681353920.0997,1020.0,0
33,37,191253486,1,1681354078.5999,1681354423.0998,344.5,0
34,38,191253486,1,1681354739.5997,1681355510.0997,770.5,0
35,39,191253486,1,1681355542.0997,1681356712.5998,1170.5,0
36,40,191253486,1,1681357076.1000,1681357412.0999,336.0,0
37,41,191253486,1,1681357764.5997,1681358329.0998,564.5,0
38,42,191253486,1,1681359891.5997,1681360308.5997,417.0,0
39,43,191253486,1,1681360691.5999,1681361413.5998,722.0,0
40,44,191253486,1,1681362000.5998,1681363632.0994,1631.5,0
41,45,191253486,1,1681363827.5998,1681364230.0998,402.5,0
42,46,191253486,1,1681364251.5998,1681365053.0996,801.5,0
43,47,191253486,1,1681365083.5995,1681365543.0998,459.5,0
44,48,193793794,1,1681340400.0997,1681345309.5999,4909.5,0
45,49,196345881,1,1681341609.5997,1681342068.0998,458.5,13
46,50,192528753,1,1681340400.0997,1681342019.0997,1619.0,107
47,51,197659564,1,1681341930.5997,1681344300.5997,2370.0,70
48,52,197161721,1,1681341855.5997,1681342341.5997,486.0,44
49,53,197164173,1,1681341722.0996,1681342082.5998,360.5,92
50,54,191252716,1,1681340400.0997,1681344952.5998,4552.5,0
51,55,180048495,4,1681340400.0998,1681342223.1000,1823.0,11
52,56,196766013,1,1681341629.5997,1681342024.5997,395.0,23
53,57,197706083,1,1681341953.0999,1681342428.5997,475.5,66
54,58,201084488,4,1681343411.5999,1681344050.0998,638.5,100
55,59,201781497,1,1681343580.0998,1681344961.0998,1381.0,84
56,60,198397427,1,1681342515.5998,1681343941.0998,1425.5,13
57,61,201262688,1,1681343651.0997,1681344797.5997,1146.5,0
58,62,200136420,1,1681342981.5997,1681343924.0998,942.5,23
59,63,201915635,1,1681343642.5997,1681344685.0997,1042.5,0
60,64,202017950,1,1681343693.0997,1681344221.5996,528.5,0
61,65,198725480,1,1681342505.5997,1681345679.0997,3173.5,44
62,66,198467718,1,1681342250.5997,1681345129.0998,2878.5,0
63,67,198467718,1,1681345140.0000,1681348414.5998,3274.6,0
64,68,201008053,1,1681343320.5997,1681344043.5996,723.0,13
65,69,200339687,1,1681343097.0996,1681343915.0998,818.0,53
66,70,201020457,1,1681343477.5996,1681344031.5998,554.0,13
67,71,198227808,1,1681342169.0996,1681342900.0997,731.0,72
68,72,198227808,1,1681343000.5997,1681343567.5998,567.0,72
69,73,198948853,1,1681342584.5996,1681343600.5998,1016.0,44
70,74,199856011,1,1681342770.0998,1681343550.5997,780.5,0
71,75,205675456,1,1681345421.5997,1681345925.5998,504.0,44
72,76,203919807,1,1681344583.5997,1681346664.0998,2080.5,100
73,77,200090920,4,1681345079.5996,1681345419.0999,339.5,81
74,78,202322939,1,1681343840.5998,1681345392.5997,1552.0,84
75,79,205370725,1,1681345200.0998,1681345528.0997,328.0,25
76,80,205333803,1,1681345150.5999,1681345723.0998,572.5,66
77,81,203746511,1,1681344689.5998,1681345394.5999,705.0,55
78,82,204943527,1,1681345032.5997,1681346119.5997,1087.0,100
79,83,202755268,1,1681344019.0997,1681351912.5998,7893.5,11
80,84,204903683,1,1681345069.0998,1681345518.5997,449.5,44
81,85,204481311,1,1681344986.0997,1681345443.5997,457.5,0
82,86,204477983,1,1681344997.0995,1681345884.5998,887.5,13
83,87,205211322,1,1681345049.5999,1681345494.5997,445.0,84
84,88,205086550,1,1681345034.5997,1681345348.5996,314.0,175
85,89,204456385,1,1681344761.5998,1681345460.0997,698.5,117
86,90,203927528,1,1681344690.0998,1681345434.5997,744.5,100
87,91,205415186,1,1681345243.0997,1681345731.0998,488.0,133
88,92,204565752,1,1681344836.5996,1681345618.0995,781.5,26
89,93,204622809,1,1681344833.0997,1681345915.5997,1082.5,66
90,94,204496315,1,1681344806.5997,1681345517.0997,710.5,55
91,95,205569679,1,1681345220.0997,1681345975.0996,755.0,46
92,96,203421460,1,1681344468.5996,1681345297.5996,829.0,138
93,97,205586378,1,1681345192.0998,1681345852.5997,660.5,84
94,98,204571488,1,1681344933.5997,1681345300.5996,367.0,13
95,99,204057123,1,1681344598.0997,1681345305.5998,707.5,66
96,100,204947692,1,1681344979.0998,1681345785.5998,806.5,25
97,101,205595559,1,1681345454.0998,1681346358.0997,904.0,0
98,102,205406188,1,1681345276.0997,1681345844.0997,568.0,132
99,103,205251798,1,1681345088.0000,1681345467.5997,379.6,66
100,104,205267320,1,1681345090.0997,1681345602.0998,512.0,72
101,105,205644699,1,1681345273.0999,1681345576.0997,303.0,133
102,106,204211510,1,1681344677.5998,1681345203.5997,526.0,0
103,107,208964752,1,1681346644.5998,1681348496.5997,1852.0,52
104,108,208510015,1,1681346325.5997,1681346831.0997,505.5,23
105,109,208798702,1,1681346393.0999,1681347021.1000,628.0,55
106,110,208224287,1,1681346275.5996,1681346919.0998,643.5,133
107,111,207778062,1,1681345995.0998,1681347241.5997,1246.5,84
108,112,207730011,1,1681346242.5998,1681346890.0996,647.5,26
109,113,207931030,1,1681346063.5997,1681347288.5997,1225.0,71
110,114,208063524,1,1681346106.5998,1681346888.0998,781.5,64
111,115,205919813,1,1681345542.0998,1681347503.0999,1961.0,23
112,116,208168932,1,1681346127.0998,1681346593.0999,466.0,0
113,117,207364640,1,1681345983.5998,1681346817.5997,834.0,52
114,118,208500684,1,1681346252.5997,1681347014.5998,762.0,71
115,119,208611324,1,1681346568.5998,1681346899.5999,331.0,14
116,120,209700473,1,1681346672.0997,1681347171.5997,499.5,84
117,121,208887665,1,1681346500.5999,1681346927.0999,426.5,11
118,122,207350081,1,1681345977.0997,1681346699.0998,722.0,58
119,123,207260372,1,1681345896.5997,1681347307.0997,1410.5,66
120,124,208076971,1,1681346263.0999,1681346575.5999,312.5,55
121,125,209380458,1,1681346686.5998,1681347201.5997,515.0,44
122,126,208434166,1,1681346310.5998,1681346808.0996,497.5,134
123,127,206640312,1,1681345551.5998,1681346804.0997,1252.5,84
124,128,208522595,1,1681346476.5998,1681349485.0998,3008.5,46
125,129,207293908,1,1681345950.5995,1681347319.5997,1369.0,46
126,130,209328745,1,1681346771.5997,1681347325.0999,553.5,100
127,131,208726317,1,1681346318.5998,1681356786.5997,10468.0,83
128,132,208726317,1,1681356787.0997,1681358183.0997,1396.0,83
129,133,206974812,1,1681345679.0999,1681346650.0997,971.0,0
130,134,212005450,1,1681347778.0997,1681348128.0997,350.0,26
131,135,209917431,1,1681346771.5997,1681347291.0999,519.5,55
132,136,209917431,1,1681347292.5999,1681347735.0999,442.5,55
133,137,212397254,1,1681347615.0998,1681348073.5997,458.5,111
134,138,212397254,1,1681348126.0998,1681348873.0997,747.0,111
135,139,211450258,1,1681347460.5997,1681347884.5996,424.0,46
136,140,212396504,1,1681347614.5999,1681348352.0999,737.5,107
137,141,211663497,1,1681347535.5997,1681347863.0997,327.5,13
138,142,212396255,1,1681347681.0999,1681348672.5997,991.5,64
139,143,212396503,1,1681347614.5999,1681348731.0998,1116.5,107
140,144,212397255,1,1681347615.0998,1681349563.5997,1948.5,108
141,145,211001043,1,1681347230.0997,1681347722.5998,492.5,23
142,146,209850688,1,1681346837.0997,1681347399.5997,562.5,42
143,147,210740897,1,1681347976.6000,1681348644.5997,668.0,81
144,148,210740897,1,1681348878.0997,1681349667.0999,789.0,81
145,149,212397262,1,1681347615.0998,1681348584.0998,969.0,107
146,150,211476907,1,1681347379.5996,1681347937.0997,557.5,44
147,151,212462919,1,1681347640.0998,1681347988.0997,348.0,0
148,152,212397004,1,1681347615.0998,1681348874.5999,1259.5,110
149,153,212397260,1,1681347615.0998,1681348204.5997,589.5,107
150,154,212397260,1,1681348214.5997,1681348836.5998,622.0,107
151,155,210776393,1,1681347237.5999,1681347592.0997,354.5,100
152,156,210784146,1,1681347204.5998,1681347603.5998,399.0,23
153,157,210202656,1,1681346898.5999,1681347502.0997,603.5,100
154,158,212397261,1,1681347615.0998,1681349389.5997,1774.5,108
155,159,210603721,1,1681347292.0999,1681347606.0998,314.0,59
156,160,212435882,1,1681347674.5998,1681348230.0997,555.5,108
157,161,212462045,1,1681347750.0997,1681349143.0997,1393.0,45
158,162,210736560,1,1681347137.0998,1681347661.5997,524.5,132
159,163,210297622,1,1681347011.6000,1681347450.5997,439.0,100
160,164,212714517,1,1681347744.5999,1681348372.5999,628.0,117
161,165,212606717,1,1681347694.5999,1681349225.0996,1530.5,83
162,166,213063640,1,1681347894.0999,1681349953.0997,2059.0,117
163,167,212702253,1,1681347768.0999,1681349495.5998,1727.5,25
164,168,212702253,1,1681349655.0999,1681351250.5996,1595.5,25
165,169,212675512,1,1681347826.0998,1681348529.5997,703.5,71
166,170,212989369,1,1681347863.5998,1681348583.0997,719.5,71
167,171,212865910,1,1681347825.0999,1681348562.5997,737.5,71
168,172,213035599,1,1681347960.0999,1681349413.5999,1453.5,23
169,173,213350298,1,1681348013.1000,1681348342.5997,329.5,55
170,174,213012343,1,1681348027.0997,1681348962.0996,935.0,14
171,175,213330693,1,1681348250.0995,1681349106.5998,856.5,100
172,176,212958300,1,1681347926.0999,1681352124.0998,4198.0,23
173,177,213170700,1,1681347952.0998,1681348758.0997,806.0,66
174,178,213343570,1,1681347989.0997,1681348304.5997,315.5,92
175,179,212977432,1,1681347994.5999,1681348536.0997,541.5,14
176,180,213113549,1,1681348181.0997,1681349754.0997,1573.0,46
177,181,213432475,1,1681348026.5999,1681348427.0997,400.5,83
178,182,213441736,1,1681348098.5999,1681348475.0997,376.5,45
179,183,213402877,1,1681348245.0997,1681349209.0996,964.0,14
180,184,213323494,1,1681348063.0999,1681350315.0999,2252.0,133
181,185,213888264,1,1681348249.5997,1681348721.5997,472.0,71
182,186,213625189,1,1681348215.0996,1681348629.5996,414.5,45
183,187,213895585,1,1681348442.5999,1681348830.5999,388.0,13
184,188,214301211,1,1681349088.5997,1681349625.5999,537.0,23
185,189,214454137,1,1681348581.0997,1681349450.0998,869.0,25
186,190,213462221,1,1681348059.0997,1681348889.5998,830.5,175
187,191,213371886,1,1681348098.5998,1681348724.0997,625.5,71
188,192,213371886,1,1681348724.5997,1681349031.0997,306.5,71
189,193,213657635,1,1681348155.0996,1681351183.0998,3028.0,72
190,194,213965456,1,1681348425.5997,1681349472.5998,1047.0,52
191,195,214086884,4,1681348459.5996,1681348921.5998,462.0,42
192,196,214120070,1,1681348519.5997,1681349437.5999,918.0,52
193,197,214259408,1,1681348679.0997,1681349640.5999,961.5,13
194,198,227112870,1,1681353999.5997,1681354867.0998,867.5,66
195,199,228349314,1,1681354533.0997,1681355537.5996,1004.5,87
196,200,218123297,1,1681350155.5997,1681355451.5998,5296.0,107
197,201,218123297,1,1681355453.0990,1681356310.0997,857.001,107
198,202,227673501,1,1681354227.5998,1681361138.5997,6911.0,0
199,203,227673501,1,1681361139.0997,1681364209.5998,3070.5,0
200,204,226696323,1,1681353892.0998,1681354991.5997,1099.5,23
201,205,221862028,1,1681351650.0996,1681355058.0997,3408.0,75
202,206,227785751,1,1681354309.0997,1681355592.0998,1283.0,47
203,207,227287193,1,1681354140.0997,1681355375.0997,1235.0,100
204,208,225445680,1,1681353215.0997,1681355991.0997,2776.0,117
205,209,227681279,6,1681354282.5997,1681355397.5996,1115.0,133
206,210,217388416,1,1681349664.0998,1681369592.0997,19928.0,83
207,211,219694393,1,1681350693.0996,1681355817.0997,5124.0,0
208,212,226582350,1,1681353778.5998,1681355279.0997,1500.5,44
209,213,229152565,1,1681354923.0997,1681355529.0998,606.0,0
210,214,214732962,1,1681348552.0997,1681352787.0997,4235.0,0
211,215,214732962,1,1681352787.5997,1681354037.5997,1250.0,0
212,216,214732962,1,1681354331.5998,1681356589.0996,2257.5,0
213,217,214732962,1,1681356910.5998,1681361321.0997,4410.5,0
214,218,214732962,1,1681361321.5997,1681364230.5998,2909.0,0
215,219,229304765,1,1681354986.0997,1681355646.5998,660.5,66
216,220,227089736,1,1681354027.5997,1681355190.5997,1163.0,25
217,221,218564014,1,1681350308.0997,1681362246.5997,11938.5,71
218,222,226855125,1,1681353908.0997,1681355386.0999,1478.0,132
219,223,224658938,1,1681353175.5997,1681353934.5997,759.0,13
220,224,224658938,1,1681353943.5997,1681355212.0999,1268.5,13
221,225,228138698,1,1681354576.5997,1681356505.1000,1928.5,68
222,226,228402939,1,1681354657.5996,1681355549.5998,892.0,24
223,227,229013605,1,1681354850.5997,1681355176.0997,325.5,66
224,228,225685545,1,1681353409.5996,1681355268.5997,1859.0,43
225,229,229405374,1,1681355021.5997,1681355597.0997,575.5,23
226,230,225750055,1,1681353375.0998,1681355087.0998,1712.0,66
227,231,227758500,1,1681354394.5996,1681355069.5997,675.0,45
228,232,227210626,1,1681354023.0998,1681355866.5997,1843.5,0
229,233,229405870,1,1681354993.0996,1681356783.5997,1790.5,83
230,234,228088950,1,1681354732.5997,1681355243.0998,510.5,13
231,235,226675094,1,1681353824.0997,1681361722.5997,7898.5,117
232,236,229074550,1,1681354926.5998,1681355738.0998,811.5,66
233,237,228101685,1,1681354594.0998,1681355592.0997,998.0,14
234,238,229283295,4,1681354975.5997,1681355612.5120,636.912,134
235,239,227292241,1,1681354343.5997,1681355349.0997,1005.5,43
236,240,227232494,1,1681354039.5997,1681354513.0998,473.5,44
237,241,229148690,1,1681354911.0997,1681356766.5996,1855.5,0
238,242,221271396,1,1681351552.5997,1681356674.0997,5121.5,0
239,243,224053094,1,1681352659.0998,1681355879.0997,3220.0,0
240,244,225403353,1,1681353285.0997,1681354397.5997,1112.5,44
241,245,225403353,1,1681354566.0996,1681355256.0999,690.0,44
242,246,226562350,1,1681353757.0996,1681357227.5998,3470.5,23
243,247,225975266,1,1681353598.0996,1681354989.0997,1391.0,43
244,248,228232978,1,1681354642.5998,1681356772.5997,2130.0,137
245,249,223688004,1,1681352536.0996,1681353813.5998,1277.5,54
246,250,223688004,1,1681353934.0999,1681354774.5999,840.5,54
247,251,226571140,1,1681353810.0998,1681354848.5997,1038.5,131
248,252,228610319,1,1681354712.5997,1681355189.5997,477.0,67
249,253,226659102,1,1681353819.5985,1681355266.5997,1447.0,23
250,254,220943330,1,1681351415.0997,1681354801.0998,3386.0,55
251,255,225829827,1,1681353497.5997,1681354381.5997,884.0,23
252,256,225829827,1,1681354384.5998,1681354825.0997,440.5,23
253,257,228103994,1,1681354553.0997,1681355138.5998,585.5,43
254,258,228435065,1,1681354580.0997,1681355476.0998,896.0,186
255,259,229412755,4,1681355021.5998,1681355463.0997,441.5,130
256,260,224154735,1,1681352645.5998,1681357789.5998,5144.0,83
257,261,227332815,1,1681354238.0998,1681355063.0997,825.0,0
258,262,222543948,1,1681352313.5997,1681353275.0997,961.5,43
259,263,222543948,1,1681353282.0996,1681357342.0998,4060.0,43
260,264,229197426,1,1681354965.0996,1681355402.5998,437.5,0
261,265,228091546,1,1681354500.0997,1681354930.0996,430.0,23
262,266,220393018,1,1681351112.0998,1681358427.0998,7315.0,23
263,267,224730933,1,1681353050.5998,1681354841.0997,1790.5,133
264,268,229436735,1,1681355007.0997,1681355740.5998,733.5,108
265,269,229343069,1,1681355077.0997,1681356660.5997,1583.5,123
266,270,226639405,1,1681353911.0998,1681354901.0997,990.0,45
267,271,227023201,1,1681353929.0997,1681354868.5997,939.5,108
268,272,220574283,1,1681351070.5997,1681354891.5998,3821.0,117
269,273,230451202,1,1681355559.5998,1681357893.5998,2334.0,132
270,274,230022255,1,1681355378.0997,1681356470.0997,1092.0,44
271,275,231154346,1,1681355803.5996,1681356287.0996,483.5,133
272,276,231280720,1,1681355820.5997,1681356690.0996,869.5,86
273,277,231280720,1,1681356693.5996,1681359191.5996,2498.0,86
274,278,231121761,1,1681355792.5997,1681357876.5999,2084.0,71
275,279,231359659,1,1681355894.0998,1681356774.5997,880.5,185
276,280,230340732,1,1681355480.5998,1681356889.0998,1408.5,52
277,281,230155613,1,1681355433.5998,1681357057.0997,1623.5,66
278,282,230117430,1,1681355297.0996,1681356605.0997,1308.0,83
279,283,231448601,1,1681355933.5998,1681356312.5997,379.0,70
280,284,230179692,1,1681355340.0997,1681356428.5997,1088.5,185
281,285,230503910,1,1681355471.0998,1681356646.5997,1175.5,0
282,286,231399252,1,1681355916.5999,1681357157.5998,1241.0,131
283,287,231286394,1,1681356049.0996,1681356636.0996,587.0,129
284,288,229948967,1,1681355261.0997,1681355920.0997,659.0,0
285,289,229948967,1,1681355933.0997,1681356300.0998,367.0,0
286,290,232026967,6,1681356169.5997,1681357647.0996,1477.5,0
287,291,231092220,1,1681355805.0997,1681356484.5997,679.5,44
288,292,231095869,1,1681355792.0998,1681356221.5997,429.5,66
289,293,230515474,1,1681355478.0998,1681356425.5997,947.5,107
290,294,230214676,1,1681355340.5996,1681356620.5996,1280.0,11
291,295,230613457,1,1681355610.5998,1681357108.0998,1497.5,133
292,296,231273050,1,1681355888.0997,1681356493.0997,605.0,72
293,297,230694448,1,1681355558.0997,1681358958.0995,3400.0,21
294,298,232038178,1,1681356164.5996,1681356502.5997,338.0,0
295,299,230108163,4,1681355293.0997,1681356706.0997,1413.0,84
296,300,230970804,1,1681355797.0998,1681356354.0998,557.0,45
297,301,230720158,1,1681355568.5998,1681356083.0997,514.5,107
298,302,231673394,1,1681356093.5997,1681357197.5997,1104.0,71
299,303,230180125,1,1681355372.0997,1681357656.5997,2284.5,66
300,304,229564961,1,1681355095.0996,1681356831.5998,1736.5,66
301,305,229564961,1,1681356842.0998,1681366270.0997,9428.0,66
302,306,229857067,1,1681355363.5997,1681356281.0998,917.5,13
303,307,232072337,1,1681356347.0998,1681357034.5996,687.5,13
304,308,230319224,1,1681355386.5997,1681356204.5997,818.0,108
305,309,232022355,1,1681356239.0999,1681357166.0998,927.0,131
306,310,232088598,1,1681356344.0997,1681357749.0997,1405.0,13
307,311,229261161,1,1681355129.0996,1681356020.0996,891.0,68
308,312,231992761,1,1681356131.0998,1681364488.5998,8357.5,87
309,313,231916280,1,1681356333.0997,1681356693.0998,360.0,13
310,314,232908988,1,1681356540.0997,1681358473.1000,1933.0,66
311,315,233901950,1,1681356943.5997,1681357249.5998,306.0,72
312,316,233901950,1,1681357250.0998,1681357959.0998,709.0,72
313,317,232203635,1,1681356339.0997,1681357751.0997,1412.0,66
314,318,232115252,1,1681356264.0997,1681357570.5998,1306.5,132
315,319,232988069,6,1681356586.0997,1681357226.0993,640.0,133
316,320,234056567,1,1681357045.5997,1681358235.5000,1189.9,66
317,321,233886902,1,1681356893.5998,1681357615.0997,721.5,107
318,322,232463956,1,1681356457.0997,1681357888.5997,1431.5,43
319,323,232373429,1,1681356430.0997,1681357876.5999,1446.5,13
320,324,234089944,1,1681357050.0996,1681358882.5998,1832.5,105
321,325,232920472,1,1681356508.5997,1681363415.5997,6907.0,107
322,326,232997937,1,1681356668.5998,1681357089.5997,421.0,133
323,327,232997937,1,1681357369.0997,1681360027.5997,2658.5,133
324,328,233131334,1,1681356784.5997,1681357875.5998,1091.0,137
325,329,234017676,1,1681357040.0997,1681357630.0999,590.0,130
326,330,233533837,1,1681356781.0997,1681357201.0999,420.0,23
327,331,231800295,1,1681356733.0997,1681360144.5997,3411.5,23
328,332,232890979,1,1681356608.5998,1681357143.5997,535.0,13
329,333,233078147,1,1681356827.5997,1681357327.5998,500.0,45
330,334,233078147,1,1681357337.5998,1681358860.0998,1522.5,45
331,335,233311719,1,1681356657.5998,1681357324.5995,667.0,0
332,336,233906732,1,1681356914.5997,1681357842.0998,927.5,25
333,337,233244153,1,1681356807.0997,1681357568.0998,761.0,14
334,338,233551642,1,1681356901.5998,1681357794.0997,892.5,44
335,339,232537578,1,1681356362.5997,1681357678.0996,1315.5,108
336,340,233192459,1,1681356656.5996,1681357070.6000,414.0,0
337,341,233952527,1,1681357161.0999,1681357578.0999,417.0,84
338,342,233952527,1,1681357596.0999,1681358749.0998,1153.0,84
339,343,232922290,4,1681356528.0997,1681357354.0997,826.0,107
340,344,233670195,1,1681356853.5998,1681357586.5997,733.0,66
341,345,235380131,1,1681357521.1000,1681358508.0998,987.0,119
342,346,235458135,1,1681357544.5998,1681359967.0996,2422.5,87
343,347,234837706,1,1681357319.0997,1681358450.5997,1131.5,72
344,348,235383216,1,1681357594.0997,1681358695.0997,1101.0,66
345,349,235383216,1,1681358889.5996,1681362049.6000,3160.0,66
346,350,234939785,1,1681357325.5997,1681358723.0997,1397.5,0
347,351,234947032,1,1681357725.0997,1681358633.5997,908.5,13
348,352,235713517,1,1681357688.0998,1681358097.5999,409.5,47
349,353,235754487,1,1681357713.5997,1681359170.5997,1457.0,66
350,354,235026932,1,1681357406.5997,1681359969.0997,2562.5,66
351,355,235441009,1,1681357570.0999,1681358255.5997,685.5,47
352,356,235616952,1,1681357698.0997,1681358191.1000,493.0,66
353,357,235009632,1,1681357381.0997,1681358102.5999,721.5,72
354,358,235598870,1,1681357613.6000,1681358205.5998,592.0,0
355,359,235405841,1,1681357551.0999,1681357927.0998,376.0,71
356,360,235570104,1,1681357711.0998,1681358610.5997,899.5,14
357,361,234776311,1,1681357252.5998,1681357814.0997,561.5,84
358,362,234962317,1,1681357334.0997,1681358694.5998,1360.5,0
359,363,234615921,1,1681357239.5998,1681358304.0998,1064.5,25
360,364,234942967,1,1681357347.5998,1681357817.0998,469.5,0
361,365,235583283,1,1681357671.5997,1681361184.5997,3513.0,26
362,366,235106300,1,1681357430.0000,1681357754.5997,324.6,23
363,367,234502347,1,1681357244.0997,1681357751.0997,507.0,23
364,368,235318729,1,1681357533.0997,1681358221.0998,688.0,25
365,369,235827896,1,1681357978.0992,1681363137.0997,5159.0,44
366,370,235720624,1,1681357792.5997,1681359110.5997,1318.0,137
367,371,235157090,1,1681357776.5997,1681358248.5998,472.0,23
368,372,239581207,1,1681359205.0996,1681365059.5997,5854.5,75
369,373,249683344,1,1681363600.0997,1681364017.0997,417.0,185
370,374,247731836,4,1681362514.6000,1681365094.0998,2579.5,84
371,375,247173796,1,1681362415.5999,1681363515.0998,1099.5,55
372,376,247173796,1,1681363518.5998,1681365243.5996,1725.0,55
373,377,247173796,1,1681365244.0996,1681366147.0997,903.0,55
374,378,246933389,1,1681362504.0997,1681364196.0998,1692.0,138
375,379,239544004,1,1681359189.5997,1681364858.5999,5669.0,117
376,380,242109418,1,1681360403.5998,1681365856.5998,5453.0,14
377,381,251086338,1,1681363967.0997,1681367929.0999,3962.0,0
378,382,250147303,1,1681363543.0998,1681364504.0998,961.0,21
379,383,250845171,1,1681363857.0997,1681364855.5998,998.5,84
380,384,248418142,1,1681362800.0997,1681364294.5999,1494.5,84
381,385,248656538,1,1681363035.0997,1681363542.5999,507.5,84
382,386,248656538,1,1681363606.0997,1681364423.0996,817.0,84
383,387,248656538,1,1681364429.5997,1681364781.0997,351.5,84
384,388,240232727,1,1681359535.0997,1681364818.5999,5283.5,25
385,389,240232433,1,1681359666.5998,1681364549.5998,4883.0,117
386,390,240628125,1,1681359689.5997,1681365393.5998,5704.0,66
387,391,249854843,1,1681363803.0996,1681364275.5996,472.5,43
388,392,249854843,1,1681364316.0999,1681364816.0999,500.0,43
389,393,249342676,1,1681363272.5997,1681365938.0998,2665.5,25
390,394,249890282,1,1681363829.0998,1681364889.0998,1060.0,13
391,395,237072040,1,1681358184.5998,1681369603.0998,11418.5,83
392,396,248854255,4,1681362984.5998,1681366365.0997,3380.5,0
393,397,250089823,1,1681363707.0996,1681364365.0996,658.0,133
394,398,235936394,1,1681357790.5997,1681358175.5997,385.0,83
395,399,235936394,1,1681358176.0997,1681360933.0997,2757.0,83
396,400,248178147,1,1681362753.0996,1681364143.5996,1390.5,0
397,401,248178147,1,1681364196.5997,1681370125.0999,5928.5,0
398,402,250730856,1,1681363902.0998,1681364268.5999,366.5,134
399,403,244736701,1,1681361384.5997,1681366341.5997,4957.0,65
400,404,250853537,1,1681363958.0997,1681364281.5996,323.5,134
401,405,251044601,1,1681363977.0997,1681364836.5997,859.5,66
402,406,244866528,1,1681361371.5998,1681361995.5998,624.0,0
403,407,244866528,1,1681361996.0998,1681363085.5997,1089.5,0
404,408,244866528,1,1681363086.0997,1681363640.5998,554.5,0
405,409,244866528,1,1681363641.0999,1681364118.0998,477.0,0
406,410,244866528,1,1681364304.5999,1681364886.5998,582.0,0
407,411,244866528,1,1681364887.0998,1681369207.0997,4320.0,0
408,412,244866528,1,1681369572.5997,1681371663.0996,2090.5,0
409,413,251136767,1,1681364020.0997,1681364984.5998,964.5,43
410,414,241333087,1,1681360006.0997,1681361410.0997,1404.0,66
411,415,241333087,1,1681361565.0997,1681365055.5997,3490.5,66
412,416,247106841,1,1681362308.0998,1681364551.0997,2243.0,185
413,417,248001629,1,1681362823.0998,1681364352.5998,1529.5,23
414,418,248531529,1,1681362847.5996,1681364227.5998,1380.0,84
415,419,247279190,1,1681362331.0997,1681364369.0996,2038.0,108
416,420,245668430,1,1681361739.0997,1681364623.0999,2884.0,71
417,421,248504011,1,1681362940.0998,1681364388.0999,1448.0,102
418,422,245827349,1,1681361797.0997,1681365573.5997,3776.5,66
419,423,250605915,1,1681363787.0998,1681364241.0996,454.0,71
420,424,245644472,1,1681361683.0997,1681364288.5999,2605.5,83
421,425,250300738,1,1681363659.5999,1681364705.5997,1046.0,120
422,426,250776799,1,1681364046.0996,1681371652.5997,7606.5,23
423,427,240136700,1,1681359450.5997,1681364806.0999,5355.5,83
424,428,250920505,1,1681364020.0997,1681365389.0996,1369.0,13
425,429,247369054,1,1681362376.5997,1681364837.5997,2461.0,107
426,430,250789273,6,1681363886.0997,1681364432.5997,546.5,133
427,431,247474092,1,1681362944.5999,1681364700.0997,1755.5,44
428,432,248882508,1,1681363040.0997,1681365359.5998,2319.5,83
429,433,250628924,1,1681364042.5997,1681365157.5996,1115.0,13
430,434,243973930,1,1681360996.5997,1681361410.0997,413.5,84
431,435,243973930,1,1681361473.5996,1681364097.5997,2624.0,84
432,436,247299815,1,1681362339.5999,1681364037.0998,1697.5,84
433,437,250225764,1,1681363578.0997,1681364052.5996,474.5,87
434,438,246210103,1,1681362034.5999,1681364681.5997,2647.0,133
435,439,250113931,1,1681363632.5996,1681366552.5997,2920.0,66
436,440,244745992,1,1681361463.5998,1681364086.5998,2623.0,0
437,441,248985534,1,1681363187.0997,1681365186.5996,1999.5,23
438,442,244405597,1,1681361243.5997,1681364780.0997,3536.5,66
439,443,250093082,1,1681363517.0998,1681363953.0997,436.0,83
440,444,249612739,1,1681363371.0998,1681363956.0998,585.0,70
441,445,247922603,1,1681362590.0998,1681370613.0999,8023.0,108
442,446,251140582,1,1681364226.0996,1681365050.5997,824.5,44
443,447,249583878,1,1681363296.5997,1681363808.0998,511.5,107
444,448,249272705,1,1681363222.5997,1681363906.5999,684.0,23
445,449,251224863,1,1681364094.5997,1681365002.5997,908.0,66
446,450,251224863,1,1681365846.5998,1681366358.0997,511.5,66
447,451,251327055,1,1681364172.5996,1681364933.5997,761.0,127
448,452,251539139,1,1681364342.5997,1681365123.0997,780.5,13
449,453,251990471,1,1681364465.0998,1681364829.0999,364.0,47
450,454,252220193,1,1681364506.5997,1681366237.5997,1731.0,66
451,455,252268762,1,1681364500.5998,1681365223.0996,722.5,84
452,456,252043132,6,1681364456.6000,1681365045.5996,589.0,23
453,457,252043132,6,1681365056.5996,1681365613.5996,557.0,23
454,458,251350549,1,1681364276.0997,1681366064.1000,1788.0,100
455,459,252368686,1,1681364674.0997,1681366001.0997,1327.0,13
456,460,252617772,1,1681364681.5997,1681365757.5997,1076.0,66
457,461,252582481,1,1681364851.0996,1681365198.0997,347.0,13
458,462,252675313,1,1681364710.5999,1681367182.5998,2472.0,117
459,463,252670598,1,1681365116.5997,1681365706.0997,589.5,52
460,464,252791404,1,1681365080.5997,1681365467.5996,387.0,45
461,465,254645669,1,1681365581.0997,1681366493.5996,912.5,72
462,466,254645669,1,1681366549.5996,1681372139.0997,5589.5,72
463,467,263568328,1,1681369844.5996,1681370392.5996,548.0,23
464,468,265563424,1,1681370309.0998,1681371299.5997,990.5,23
465,469,262554661,1,1681369091.0997,1681370910.5998,1819.5,184
466,470,265438997,1,1681370319.0997,1681371565.0998,1246.0,83
467,471,264468371,1,1681369808.5998,1681371513.0997,1704.5,110
468,472,261938518,1,1681368780.0997,1681371528.5999,2748.5,0
469,473,264291759,1,1681369740.5996,1681371276.0996,1535.5,0
470,474,264671394,1,1681370054.0998,1681370387.5996,333.5,184
471,475,264549399,1,1681369840.0996,1681371218.5997,1378.5,110
472,476,262581598,1,1681369304.5997,1681371079.0997,1774.5,13
473,477,265347824,1,1681370198.5997,1681371286.0996,1087.5,0
474,478,265347824,1,1681371287.0996,1681372254.0996,967.0,0
475,479,265803743,1,1681370484.0998,1681371048.0998,564.0,44
476,480,264217622,1,1681369988.0997,1681372618.5996,2630.5,13
477,481,265534888,1,1681370258.5998,1681370988.0997,729.5,0
478,482,264635547,1,1681369995.5996,1681371447.5998,1452.0,133
479,483,263727892,1,1681369596.0997,1681370892.0997,1296.0,52
480,484,263648156,1,1681369469.5998,1681371089.0998,1619.5,84
481,485,256469994,1,1681366534.0995,1681370377.5997,3843.5,14
482,486,265119880,1,1681370094.0996,1681370452.0997,358.0,0
483,487,260343930,1,1681368143.0997,1681368703.5999,560.5,0
484,488,260343930,1,1681368704.0999,1681369281.5997,577.5,0
485,489,260343930,1,1681369349.0997,1681369844.0999,495.0,0
486,490,260343930,1,1681369845.5997,1681370905.5997,1060.0,0
487,491,260343930,1,1681371022.5996,1681371771.5996,749.0,0
488,492,260343930,1,1681371772.0996,1681372666.5997,894.5,0
489,493,265304476,1,1681370306.5997,1681370861.0998,554.5,66
490,494,262980652,1,1681369226.0997,1681371091.5997,1865.5,0
491,495,265861175,6,1681370508.5996,1681371630.5997,1122.0,23
492,496,264064102,1,1681369657.0998,1681370956.0997,1299.0,72
493,497,265737381,1,1681370346.5997,1681370782.5998,436.0,84
494,498,264537225,1,1681369926.5996,1681370740.0998,813.5,13
495,499,264890727,1,1681370138.5997,1681370610.5997,472.0,26
496,500,263704480,1,1681369551.0997,1681371582.0998,2031.0,185
497,501,262420262,1,1681369216.5999,1681369976.5999,760.0,133
498,502,262420262,1,1681370245.5997,1681370889.0997,643.5,133
499,503,259665005,1,1681368014.0998,1681369105.5998,1091.5,23
500,504,259665005,1,1681369110.5997,1681371920.0997,2809.5,23
501,505,253044493,1,1681364847.0998,1681368531.0999,3684.0,31
502,506,253044493,1,1681368565.5999,1681372476.5997,3911.0,31
503,507,265047261,1,1681370167.0997,1681371276.0996,1109.0,133
504,508,264215510,1,1681369755.5997,1681372363.5997,2608.0,120
505,509,265583013,1,1681370473.0997,1681371673.0998,1200.0,24
506,510,263720154,1,1681369963.0997,1681370369.0997,406.0,13
507,511,259953435,1,1681368077.0998,1681370666.0998,2589.0,25
508,512,260490244,1,1681368380.5000,1681369537.5997,1157.1,23
509,513,260490244,1,1681369657.0996,1681372069.5998,2412.5,23
510,514,266191962,1,1681370580.5997,1681370943.5998,363.0,130
511,515,258630934,1,1681367558.0997,1681370015.0999,2457.0,100
512,516,264874058,6,1681370053.5997,1681370426.0997,372.5,133
513,517,266394930,1,1681370660.5998,1681371750.5997,1090.0,30
514,518,266674142,1,1681370855.0996,1681371628.0998,773.0,23
515,519,266758644,1,1681371134.5997,1681372271.0998,1136.5,0
516,520,266938014,1,1681370858.0996,1681371391.0998,533.0,91
517,521,266879332,1,1681370913.0997,1681371219.5998,306.5,43
518,522,266667812,1,1681370947.0997,1681371410.0997,463.0,133
519,523,267067315,1,1681370922.0997,1681371449.0997,527.0,75
520,524,266907674,1,1681370919.5998,1681372788.0997,1868.5,133
521,525,266732772,1,1681371001.0997,1681371850.0997,849.0,138
522,526,267019530,4,1681370910.0997,1681372187.0997,1277.0,185
523,527,267614874,1,1681371136.5997,1681372702.0997,1565.5,0
524,528,267738560,1,1681371308.0998,1681371815.0998,507.0,45
525,529,267010830,1,1681371048.0998,1681371829.0998,781.0,83
526,530,268531112,1,1681371516.0998,1681371859.0997,343.0,25
527,531,267580980,1,1681371129.0997,1681372633.0997,1504.0,72
528,532,268158072,1,1681371484.5998,1681371874.5996,390.0,45
529,533,268580125,1,1681371525.5999,1681371871.0999,345.5,66
530,534,268387455,1,1681371465.5997,1681371865.0997,399.5,23
531,535,267198885,1,1681371126.0996,1681372360.5997,1234.5,25
532,536,267679185,1,1681371282.5997,1681372165.5997,883.0,24
533,537,267446266,1,1681371066.5997,1681371958.0998,891.5,83
534,538,267065488,1,1681371011.0997,1681371919.5996,908.5,68
535,539,268723059,1,1681371606.0998,1681371924.0996,318.0,25
536,540,267279091,1,1681371081.0998,1681371779.0997,698.0,117
537,541,268604141,1,1681371584.5998,1681372094.0996,509.5,45
538,542,267383581,6,1681371101.0996,1681372170.0997,1069.0,133
539,543,267125485,1,1681371033.0998,1681371634.5996,601.5,132
540,544,268536466,1,1681371569.5998,1681371898.0997,328.5,23
541,545,267323880,1,1681371058.5998,1681371580.0996,521.5,43
542,546,266261834,1,1681371813.0996,1681372749.0997,936.0,144
543,547,268846319,4,1681371618.0998,1681371958.5998,340.5,0
544,548,195620701,1,1681341124.0998,1681341428.5996,304.5,0
545,549,194038444,1,1681340485.0996,1681341458.0997,973.0,104
546,550,194114849,1,1681340400.0997,1681341469.5998,1069.5,84
547,551,194848420,1,1681340999.0998,1681341668.0998,669.0,66
548,552,195313953,1,1681341049.5996,1681341450.0997,400.5,45
549,553,194358824,1,1681340519.5997,1681341237.5997,718.0,52
550,554,195533757,1,1681341114.5998,1681341475.5997,361.0,132
551,555,196364281,1,1681341397.5996,1681341784.0996,386.5,91
552,556,195488205,1,1681341008.0997,1681341403.0997,395.0,117
553,557,195004078,1,1681340789.0998,1681341649.5997,860.5,66
554,558,195652285,1,1681341086.0996,1681341648.5997,562.5,66
555,559,195032952,1,1681340907.5999,1681341396.0997,488.5,23
556,560,195655397,1,1681341130.0997,1681341587.5997,457.5,66
557,561,199363275,1,1681342651.5998,1681343326.0997,674.5,66
558,562,200394637,1,1681343075.5996,1681343378.0996,302.5,100
559,563,199674269,1,1681342792.5997,1681343255.0998,462.5,138
560,564,200134637,1,1681343116.5998,1681343517.5998,401.0,14
561,565,199225029,1,1681342882.5998,1681343211.5997,329.0,13
562,566,200670785,1,1681343140.0996,1681343553.5998,413.5,133
563,567,198980074,1,1681342767.5999,1681343134.0998,366.5,13
564,568,200206792,1,1681342992.0997,1681343534.0998,542.0,137
565,569,200465010,1,1681343232.0997,1681343551.5999,319.5,13
566,570,203062248,1,1681344212.0996,1681345089.0998,877.0,133
567,571,203134135,1,1681344395.5997,1681344950.5998,555.0,14
568,572,202251006,1,1681343902.0997,1681344425.5998,523.5,46
569,573,202251006,1,1681344445.5998,1681344885.5997,440.0,46
570,574,202746847,1,1681344382.5998,1681344947.5998,565.0,13
571,575,203815855,1,1681344598.5998,1681344952.5998,354.0,13
572,576,202577041,1,1681343948.0998,1681345050.5998,1102.5,84
573,577,203260668,1,1681344487.6000,1681344845.5997,358.0,13
574,578,203626912,1,1681344468.0996,1681344776.5996,308.5,55
575,579,207712835,1,1681346018.5998,1681346592.5997,574.0,25
576,580,206788521,1,1681345641.5998,1681346483.0999,841.5,53
577,581,208178152,1,1681346130.0998,1681346589.0999,459.0,92
578,582,208548498,1,1681346259.0999,1681346573.5999,314.5,11
579,583,206600982,1,1681345631.0997,1681346154.5997,523.5,72
580,584,207348467,1,1681345852.5997,1681346318.0997,465.5,126
581,585,206668673,1,1681345656.0997,1681346226.0997,570.0,45
582,586,206245886,1,1681345478.5998,1681346250.0998,771.5,72
583,587,206537735,1,1681345608.0998,1681346121.5997,513.5,134
584,588,210679111,1,1681347141.5996,1681347502.0997,360.5,13
585,589,214742943,4,1681348827.5998,1681350181.5996,1354.0,53
586,590,214126459,1,1681348510.5993,1681351366.0996,2855.5,55
587,591,214665144,1,1681348769.0997,1681353841.0997,5072.0,132
588,592,213761404,1,1681348893.6000,1681349628.0999,734.5,14
589,593,214759652,1,1681348563.0998,1681349653.5997,1090.5,107
590,594,214781929,1,1681348601.5997,1681349136.0998,534.5,83
591,595,215404478,1,1681348984.0996,1681349412.5996,428.5,132
592,596,215404478,1,1681349413.0996,1681350271.0997,858.0,132
593,597,215404478,1,1681350271.5997,1681352167.0997,1895.5,132
594,598,215404478,1,1681352233.5997,1681352555.5997,322.0,132
595,599,216951965,1,1681349483.0996,1681349844.5997,361.5,108
596,600,216944374,1,1681349604.0996,1681350011.0996,407.0,24
597,601,216502602,1,1681349343.5999,1681349666.0996,322.5,0
598,602,216823025,1,1681349478.5997,1681350756.0999,1277.5,44
599,603,215784796,1,1681349230.5997,1681350757.5998,1527.0,14
600,604,216808698,1,1681349428.5999,1681349756.5998,328.0,83
601,605,216808698,1,1681349782.0998,1681350685.0998,903.0,83
602,606,216688486,1,1681349444.5997,1681349881.0997,436.5,43
603,607,216990228,1,1681349523.0996,1681349831.5996,308.5,66
604,608,217036271,1,1681349573.0997,1681350180.5995,607.5,0
605,609,215884533,1,1681349142.0997,1681349540.5997,398.5,131
606,610,217120508,1,1681349624.5996,1681350482.5998,858.0,52
607,611,216583687,1,1681349394.5998,1681349823.0999,428.5,23
608,612,215276630,1,1681348812.0997,1681350944.0997,2132.0,118
609,613,216191151,1,1681349218.5996,1681349852.0997,633.5,132
610,614,216826148,1,1681349471.0999,1681349861.5998,390.5,23
611,615,215949707,1,1681349068.0997,1681349599.5998,531.5,92
612,616,215949707,1,1681349616.6000,1681350174.5996,558.0,92
613,617,216338105,1,1681349230.5996,1681349730.5996,500.0,0
614,618,216762987,1,1681349426.5997,1681350220.5998,794.0,44
615,619,216762987,1,1681350239.5996,1681350670.5998,431.0,44
616,620,216800268,1,1681349450.0996,1681349812.5996,362.5,0
617,621,215763169,1,1681349029.0996,1681350368.5998,1339.5,118
618,622,216119523,1,1681349161.0996,1681349793.0999,632.0,66
619,623,216119523,1,1681350054.0997,1681350511.5997,457.5,66
620,624,215091998,1,1681348814.5998,1681349681.0996,866.5,131
621,625,215260715,1,1681349028.0996,1681349497.0996,469.0,43
622,626,215308369,1,1681348861.5998,1681349531.5996,670.0,71
623,627,217285628,1,1681349633.0999,1681350754.0999,1121.0,117
624,628,217394142,1,1681349722.0998,1681350444.0990,721.999,43
625,629,217511467,1,1681349757.5998,1681350069.5997,312.0,44
626,630,217429261,1,1681349824.0998,1681350193.5997,369.5,25
627,631,217496429,1,1681349782.0996,1681350252.5997,470.5,42
628,632,217456318,4,1681349736.0998,1681350504.5996,768.5,0
629,633,217819519,1,1681349876.0997,1681352236.5997,2360.5,74
630,634,217378342,1,1681349715.5996,1681350464.0998,748.5,132
631,635,217395048,1,1681349914.0997,1681350447.5998,533.5,108
632,636,217574206,1,1681349844.0997,1681350538.0998,694.0,132
633,637,217142835,1,1681349744.0998,1681350628.1000,884.0,23
634,638,217744055,1,1681349949.0997,1681351509.0997,1560.0,102
635,639,217420141,1,1681349790.5998,1681350328.5997,538.0,14
636,640,217495751,1,1681349894.5997,1681350216.5998,322.0,44
637,641,217808734,1,1681349957.5998,1681353419.5996,3462.0,43
638,642,217968596,1,1681349922.0997,1681350365.0998,443.0,84
639,643,229572356,1,1681355104.5999,1681355764.0998,659.5,66
640,644,229929316,1,1681355228.5999,1681355771.5997,543.0,72
641,645,229566973,1,1681355151.5997,1681355832.5996,681.0,14
642,646,229859727,6,1681355187.5997,1681356023.5996,836.0,21
643,647,230115217,1,1681355309.5999,1681355639.0998,329.5,72
644,648,230265523,1,1681355447.5997,1681355786.5996,339.0,25
645,649,236107565,1,1681357900.0997,1681358750.0997,850.0,44
646,650,235824390,1,1681357769.5997,1681358182.1000,412.5,13
647,651,236179018,1,1681357837.5996,1681359541.0998,1703.5,84
648,652,236034077,1,1681358014.5998,1681358967.0997,952.5,42
649,653,236065842,1,1681357854.5997,1681358390.5000,535.9,66
650,654,235801704,1,1681357881.5996,1681359127.5999,1246.0,68
651,655,235993046,1,1681357802.5998,1681358224.5998,422.0,117
652,656,237541979,1,1681358436.0997,1681359744.5997,1308.5,66
653,657,237742774,1,1681358521.0998,1681359117.0998,596.0,120
654,658,238086133,1,1681358592.0996,1681359247.0997,655.0,0
655,659,237783860,1,1681358532.5001,1681361773.5997,3241.1,66
656,660,238490486,1,1681358755.0997,1681360235.5997,1480.5,110
657,661,238950106,1,1681358939.5998,1681359522.5998,583.0,107
658,662,238531600,1,1681358874.5997,1681359379.5996,505.0,43
659,663,237561869,1,1681358758.0997,1681360450.0997,1692.0,13
660,664,239262010,1,1681359139.0998,1681361323.5999,2184.5,0
661,665,236215137,1,1681357998.0998,1681359660.0997,1662.0,26
662,666,237533177,1,1681358372.5998,1681359444.5997,1072.0,0
663,667,236137289,1,1681357948.5997,1681359119.0997,1170.5,66
664,668,238950036,1,1681359000.5997,1681360324.0997,1323.5,72
665,669,237312796,1,1681358336.0998,1681360791.5997,2455.5,118
666,670,238830476,1,1681358920.5999,1681360220.5997,1300.0,25
667,671,237117013,1,1681358313.5000,1681362098.0998,3784.6,44
668,672,238303017,1,1681358958.5998,1681360833.0997,1874.5,100
669,673,238885165,1,1681358986.0997,1681359499.0998,513.0,66
670,674,236551506,1,1681358019.0998,1681359830.0996,1811.0,71
671,675,238479106,1,1681358770.5998,1681360365.0996,1594.5,72
672,676,238479106,1,1681360475.0996,1681360842.5997,367.5,72
673,677,238604235,1,1681358974.0997,1681360617.0996,1643.0,132
674,678,238243052,1,1681358695.5997,1681359627.0997,931.5,65
675,679,238243052,1,1681359630.0998,1681362454.0996,2824.0,65
676,680,237816342,1,1681358657.5996,1681359128.5997,471.0,132
677,681,236014677,1,1681357883.5998,1681358960.0999,1076.5,0
678,682,238086134,1,1681358592.0996,1681360856.0998,2264.0,0
679,683,237119045,1,1681358437.6000,1681360185.0999,1747.5,133
680,684,239173315,1,1681359145.5997,1681360630.0996,1484.5,71
681,685,238382132,1,1681358737.0997,1681359594.5997,857.5,66
682,686,238086131,6,1681358592.0996,1681360336.0997,1744.0,0
683,687,237329395,6,1681358317.0997,1681359397.5994,1080.5,23
684,688,239187514,1,1681359032.5998,1681360056.5996,1024.0,0
685,689,238834712,1,1681358919.0997,1681359228.5996,309.5,47
686,690,238865762,1,1681359010.0996,1681359508.5997,498.5,66
687,691,239055968,1,1681358979.5997,1681359388.5999,409.0,108
688,692,238200595,1,1681358689.0996,1681359920.0996,1231.0,71
689,693,238140148,1,1681358614.5997,1681359386.0997,771.5,0
690,694,237187789,1,1681358343.5997,1681358779.0997,435.5,13
691,695,236926870,1,1681358351.0997,1681359460.0999,1109.0,55
692,696,238299885,1,1681358690.0997,1681362499.5998,3809.5,66
693,697,236811825,1,1681358116.0999,1681359178.5997,1062.5,66
694,698,237577863,1,1681358413.0998,1681360246.0997,1833.0,0
695,699,238146698,1,1681358617.0997,1681359932.0996,1315.0,178
696,700,237248379,1,1681358422.0998,1681358973.5997,551.5,13
697,701,237642525,1,1681358522.5999,1681360790.5997,2268.0,66
698,702,239340378,1,1681359224.0998,1681359549.5998,325.5,107
699,703,239340378,1,1681359797.0997,1681360789.5997,992.5,107
700,704,238086130,1,1681358598.0997,1681358929.0997,331.0,11
701,705,246619531,1,1681362187.5997,1681363443.5997,1256.0,52
702,706,246695809,1,1681362206.0997,1681363694.0999,1488.0,25
703,707,248915803,1,1681363444.5997,1681363876.5997,432.0,13
704,708,248825208,1,1681362975.5999,1681363326.5998,351.0,155
705,709,248378750,1,1681362954.0998,1681363782.0998,828.0,23
706,710,247459159,1,1681362434.5996,1681362993.5999,559.0,72
707,711,247459159,1,1681363066.0997,1681363587.5996,521.5,72
708,712,243223744,1,1681360678.5998,1681363412.5997,2734.0,11
709,713,245944707,1,1681361919.5997,1681363313.5997,1394.0,65
710,714,248898512,1,1681363194.5998,1681363523.0997,328.5,13
711,715,244944468,1,1681361404.5997,1681363516.5998,2112.0,83
712,716,246315101,1,1681362141.5997,1681363479.5997,1338.0,66
713,717,248529511,1,1681362846.5998,1681363827.5998,981.0,108
714,718,247432753,1,1681362948.0997,1681363509.5997,561.5,23
715,719,244246934,1,1681361343.0997,1681363286.5997,1943.5,44
716,720,241260283,1,1681359920.5996,1681363432.0998,3511.5,75
717,721,246499919,1,1681362204.0998,1681363739.0998,1535.0,134
718,722,244330035,1,1681361272.5997,1681363405.0997,2132.5,44
719,723,249124476,1,1681363366.0998,1681363696.0999,330.0,23
720,724,245913281,1,1681361823.5998,1681363396.5998,1573.0,83
721,725,246463289,6,1681362062.5997,1681363223.5997,1161.0,23
722,726,247473606,1,1681362516.6000,1681363411.0998,894.5,42
723,727,248185324,1,1681362717.0996,1681363331.5996,614.5,117
724,728,249785552,6,1681363487.5999,1681363815.5997,328.0,133
725,729,255851353,1,1681366058.5998,1681367084.5997,1026.0,0
726,730,255057506,1,1681365830.0998,1681366234.0997,404.0,0
727,731,254361406,1,1681365443.0997,1681366761.0997,1318.0,0
728,732,254659974,1,1681365656.5997,1681367161.0999,1504.5,72
729,733,256015874,1,1681366280.0998,1681366595.5996,315.5,42
730,734,254110454,1,1681365325.0997,1681366176.5996,851.5,21
731,735,254449075,1,1681365498.0997,1681369424.5997,3926.5,55
732,736,255431548,1,1681365887.5995,1681366606.5997,719.0,84
733,737,256104763,1,1681366159.0997,1681366540.5996,381.5,87
734,738,255931674,1,1681366090.5998,1681367392.5997,1302.0,16
735,739,253432576,1,1681365012.0997,1681365503.0998,491.0,107
736,740,253432576,1,1681365512.5998,1681366413.0996,900.5,107
737,741,254729064,1,1681366047.0998,1681366350.5997,303.5,43
738,742,255366188,1,1681365978.5998,1681366328.0997,349.5,134
739,743,254662408,1,1681365686.5999,1681366466.0997,779.5,52
740,744,255656081,1,1681366027.5997,1681369522.5997,3495.0,0
741,745,253336394,1,1681365027.0997,1681365903.5998,876.5,53
742,746,253336394,1,1681365927.0999,1681366367.5998,440.5,53
743,747,255231350,1,1681365818.5997,1681366148.5997,330.0,108
744,748,254993084,1,1681365728.5997,1681366919.0996,1190.5,72
745,749,255967109,1,1681366106.5998,1681367128.5997,1022.0,83
746,750,252872936,1,1681364809.5997,1681366129.0997,1319.5,66
747,751,255664955,1,1681366043.5997,1681366639.0997,595.5,25
748,752,255499157,1,1681365937.5998,1681367216.0997,1278.5,0
749,753,255375028,1,1681365943.0998,1681366493.5996,550.5,0
750,754,255191969,1,1681365994.5997,1681366411.0997,416.5,66
751,755,255191969,1,1681366411.5997,1681367724.5997,1313.0,66
752,756,255445096,1,1681365997.0997,1681366738.0997,741.0,43
753,757,254988857,1,1681365733.5999,1681367014.0998,1280.5,118
754,758,255080059,1,1681365815.0998,1681366358.0996,543.0,131
755,759,253831867,6,1681365415.0997,1681366225.0997,810.0,23
756,760,253325658,1,1681365029.5996,1681366320.0997,1290.5,43
757,761,255215034,1,1681365931.0997,1681366569.0980,637.998,20
758,762,255025882,1,1681366022.5998,1681366696.0997,673.5,129
759,763,253204838,1,1681364999.5997,1681365932.5998,933.0,156
760,764,254895284,1,1681365876.5997,1681366693.5997,817.0,131
761,765,253832478,1,1681365195.0996,1681366105.5997,910.5,21
762,766,254862921,1,1681365653.5997,1681366263.5997,610.0,185
763,767,254863369,1,1681365683.0997,1681366217.0997,534.0,71
764,768,254663884,1,1681365707.5996,1681366575.5998,868.0,13
765,769,256102556,1,1681366186.0997,1681366974.5997,788.5,0
766,770,256108154,1,1681366160.0998,1681366746.0996,586.0,177
767,771,252928211,1,1681364805.0999,1681366442.5998,1637.5,117
768,772,255354864,1,1681365855.0999,1681366285.0997,430.0,108
769,773,254404874,1,1681365520.5996,1681367422.5996,1902.0,66
770,774,254816364,1,1681366089.5998,1681366555.0997,465.5,53
771,775,253871985,1,1681365232.0997,1681366240.0996,1008.0,117
772,776,253580118,1,1681365074.0998,1681365719.5997,645.5,108
773,777,256071157,6,1681366203.5997,1681366813.0997,609.5,133
774,778,253407090,1,1681365178.5997,1681366117.5998,939.0,132
775,779,256422459,1,1681366731.0997,1681367737.0997,1006.0,117
776,780,256393208,1,1681366346.5997,1681366738.5996,392.0,70
777,781,256350358,1,1681366385.5996,1681366830.0998,444.5,45
778,782,264151836,4,1681369826.0998,1681370379.0998,553.0,23
779,783,264547328,1,1681369839.0997,1681370179.0999,340.0,110
780,784,264726877,1,1681369934.0997,1681370347.0000,412.9,0
781,785,262869255,1,1681369292.0999,1681370316.5997,1024.5,45
782,786,198357474,1,1681342222.6000,1681342772.0997,549.5,0
783,787,197925962,1,1681342056.0999,1681342676.0996,620.0,25
784,788,198309210,1,1681342195.6000,1681342885.5997,690.0,184
785,789,198252033,1,1681342164.0997,1681342609.5998,445.5,155
786,790,198236296,1,1681342159.5998,1681342661.5997,502.0,84
787,791,202331775,1,1681343889.1000,1681344316.5997,427.5,29
788,792,202290902,1,1681343885.5997,1681344649.5996,764.0,45
789,793,202495060,1,1681343934.0998,1681344338.0997,404.0,66
790,794,206157417,1,1681345394.5997,1681345720.0997,325.5,0
791,795,206592820,1,1681345547.5997,1681345959.5998,412.0,75
792,796,206325843,1,1681345529.0997,1681345891.5997,362.5,53
793,797,210384686,1,1681346921.0998,1681347248.5997,327.5,84
794,798,191369294,1,1681340400.0998,1681341091.5998,691.5,0
795,799,194270507,1,1681340448.0996,1681340976.5997,528.5,72
796,800,246273802,1,1681362173.5997,1681362926.5999,753.0,23
797,801,245502575,1,1681361826.0996,1681362531.5997,705.5,46
798,802,246431420,1,1681362278.5998,1681363183.0997,904.5,51
799,803,245837400,4,1681362014.0997,1681362691.5998,677.5,55
800,804,246067443,1,1681362055.5997,1681362641.5999,586.0,45
801,805,241264449,1,1681360124.5997,1681362348.5999,2224.0,45
802,806,243317949,1,1681360722.0998,1681362483.5999,1761.5,83
803,807,243972741,1,1681361048.5996,1681362797.0997,1748.5,71
804,808,245429941,4,1681361596.0996,1681362179.0997,583.0,185
805,809,245027573,1,1681361796.0997,1681363132.0997,1336.0,13
806,810,245796917,1,1681361758.5997,1681362836.0996,1077.5,72
807,811,240138002,1,1681359451.0997,1681362452.5999,3001.5,83
808,812,246702724,1,1681362234.0997,1681362538.0997,304.0,66
809,813,245294951,1,1681361603.0993,1681362571.0997,968.0,66
810,814,242820494,1,1681360639.5996,1681363062.0996,2422.5,66
811,815,243299370,1,1681360820.5997,1681362580.5997,1760.0,131
812,816,245719814,1,1681361818.5997,1681362311.5997,493.0,44
813,817,243359534,1,1681360780.0997,1681362463.0996,1683.0,0
814,818,247160657,4,1681362283.0997,1681363170.0997,887.0,177
815,819,246961248,1,1681362266.5997,1681362828.5997,562.0,71
816,820,244723470,4,1681361312.0997,1681361836.5997,524.5,167
817,821,244723470,4,1681361859.0999,1681362405.0997,546.0,167
818,822,245077315,1,1681361717.5997,1681362437.5997,720.0,100
819,823,241328500,1,1681360087.5997,1681362358.0997,2270.5,100
820,824,242687920,1,1681360610.0999,1681362310.5999,1700.5,44
821,825,242267889,1,1681360519.5997,1681361866.0996,1346.5,66
822,826,242267889,1,1681362056.0999,1681363019.5995,963.5,66
823,827,245259921,1,1681361530.0998,1681362415.5996,885.5,0
824,828,246914803,1,1681362499.5998,1681362859.5996,360.0,23
825,829,245837065,1,1681361835.0998,1681362237.0997,402.0,46
826,830,244978717,1,1681361579.0998,1681362125.5997,546.5,23
827,831,246070133,1,1681361852.0998,1681362266.0997,414.0,84
828,832,245644938,1,1681361695.5997,1681362121.5997,426.0,118
829,833,245407483,1,1681361587.0998,1681362210.0997,623.0,84
830,834,245882918,1,1681361883.5998,1681362256.5997,373.0,13
831,835,215597187,1,1681349015.0997,1681349411.0999,396.0,13
832,836,215698233,1,1681348962.0998,1681349459.0997,497.0,108
833,837,215227627,1,1681348844.5996,1681349378.5999,534.0,133
834,838,215216352,1,1681349122.0996,1681349458.5999,336.5,133
835,839,215340697,1,1681348839.0998,1681349228.0996,389.0,43
836,840,198861733,1,1681342501.0999,1681343025.5997,524.5,100
837,841,198866519,1,1681342399.5997,1681342950.0997,550.5,83
838,842,198720431,6,1681342521.0997,1681342857.0998,336.0,55
839,843,247590071,1,1681362516.5997,1681363174.0997,657.5,13
840,844,247391374,1,1681362510.0998,1681363085.0998,575.0,130
841,845,247483285,1,1681362416.5997,1681362944.0998,527.5,82
842,846,247458312,1,1681362403.0997,1681362825.0998,422.0,107
843,847,248085794,1,1681362715.5996,1681363034.0996,318.5,23
844,848,247013510,1,1681362442.5997,1681362835.5999,393.0,14
845,849,219496216,6,1681350820.0997,1681351462.5997,642.5,23
846,850,219526902,1,1681350700.0997,1681351368.5998,668.5,117
847,851,219526902,1,1681351453.0997,1681351802.0998,349.0,117
848,852,219364668,4,1681350539.5996,1681350913.0998,373.5,185
849,853,218143390,1,1681350068.5997,1681350895.5997,827.0,14
850,854,219471480,1,1681350721.0998,1681352910.0997,2189.0,117
851,855,219459844,1,1681350673.0996,1681351395.0996,722.0,42
852,856,218893096,1,1681350506.5997,1681350837.0998,330.5,42
853,857,219013621,4,1681350579.5996,1681351368.5997,789.0,134
854,858,219167800,1,1681350533.5997,1681352374.5997,1841.0,71
855,859,219167800,1,1681352622.0998,1681353322.5997,700.5,71
856,860,218972431,1,1681350614.0996,1681351057.0998,443.0,133
857,861,219579269,1,1681350792.5997,1681352933.0997,2140.5,45
858,862,218656353,1,1681350461.0997,1681352853.5997,2392.5,134
859,863,219438862,1,1681350884.0996,1681351310.5997,426.5,14
860,864,218410573,1,1681350316.5997,1681351637.0998,1320.5,13
861,865,218996362,1,1681350381.0996,1681350823.0999,442.0,108
862,866,218679178,1,1681350504.5997,1681352396.0997,1891.5,45
863,867,218416827,1,1681350173.0996,1681350572.0998,399.0,133
864,868,218269861,4,1681350074.0996,1681351615.5997,1541.5,0
865,869,218389688,1,1681350333.0997,1681351101.0997,768.0,23
866,870,218971635,1,1681350507.0996,1681351823.5997,1316.5,43
867,871,218887339,1,1681350401.5998,1681350838.5996,437.0,25
868,872,218887339,1,1681350935.5996,1681351288.5998,353.0,25
869,873,218230497,1,1681350307.5997,1681351572.0997,1264.5,108
870,874,219407561,1,1681350624.5998,1681351633.0998,1008.5,134
871,875,218238210,1,1681350208.5996,1681351798.0998,1589.5,14
872,876,219161838,1,1681350953.5998,1681351428.0998,474.5,26
873,877,218435566,1,1681350225.0998,1681351381.5997,1156.5,100
874,878,218883632,1,1681350491.5996,1681350792.0997,300.5,43
875,879,218883632,1,1681350814.5997,1681352233.0997,1418.5,43
876,880,219719426,6,1681350684.5996,1681351587.5996,903.0,21
877,881,219081376,1,1681350476.5997,1681351755.0996,1278.5,72
878,882,218517164,1,1681350779.5998,1681351452.5996,673.0,23
879,883,219409408,1,1681350660.1000,1681351081.5998,421.5,52
880,884,219968327,1,1681350972.5998,1681352346.0997,1373.5,23
881,885,219668457,1,1681350778.0997,1681351117.5997,339.5,44
882,886,220048099,1,1681350820.0997,1681351669.5998,849.5,20
883,887,219803258,1,1681350860.5997,1681351647.5998,787.0,23
884,888,219928485,1,1681350922.5997,1681351385.0998,462.5,25
885,889,202777093,1,1681344153.5998,1681344635.5997,482.0,14
886,890,202964186,1,1681344124.5997,1681344503.0997,378.5,11
887,891,220890204,1,1681351191.5996,1681351855.5998,664.0,83
888,892,221288201,1,1681351491.5997,1681353120.0998,1628.5,67
889,893,220977652,1,1681351599.0996,1681352153.0997,554.0,132
890,894,220105748,1,1681350843.5997,1681351805.0997,961.5,87
891,895,220676943,1,1681351158.0997,1681351824.5997,666.5,74
892,896,221468000,1,1681351715.5997,1681352095.5998,380.0,13
893,897,220116989,6,1681350884.5996,1681351242.0996,357.5,0
894,898,220116989,6,1681351248.0997,1681351976.0998,728.0,0
895,899,220116989,6,1681351997.5998,1681352880.5997,883.0,0
896,900,221222767,1,1681351393.0997,1681353069.5997,1676.5,23
897,901,221290771,1,1681351499.0997,1681352372.0999,873.0,23
898,902,221192670,1,1681351507.5996,1681352286.5997,779.0,131
899,903,220714689,4,1681351219.0997,1681352903.5997,1684.5,12
900,904,221296118,1,1681351628.5998,1681352033.5997,405.0,133
901,905,221545506,1,1681351475.5997,1681353832.0998,2356.5,86
902,906,220549746,1,1681351357.5997,1681351908.5997,551.0,55
903,907,221404422,1,1681351762.0997,1681352550.0997,788.0,46
904,908,220466757,1,1681351032.0996,1681352055.5997,1023.5,42
905,909,220466757,1,1681352138.0999,1681354100.5997,1962.5,42
906,910,220583615,1,1681351055.5997,1681352293.5999,1238.0,0
907,911,221229579,1,1681351645.5998,1681352267.5997,622.0,13
908,912,221565939,1,1681351518.0997,1681354524.0998,3006.0,25
909,913,221505498,1,1681351553.0997,1681352170.0998,617.0,25
910,914,219953912,1,1681350925.0996,1681351237.0997,312.0,133
911,915,224720281,1,1681352892.5997,1681354734.0998,1841.5,185
912,916,222957662,1,1681352214.0996,1681354453.0996,2239.0,132
913,917,227019049,1,1681353922.5998,1681354462.5997,540.0,71
914,918,226318097,1,1681353708.0996,1681354637.0998,929.0,134
915,919,224163315,1,1681352683.5997,1681354187.5998,1504.0,66
916,920,224242537,1,1681352736.5997,1681354460.0998,1723.5,66
917,921,226883841,1,1681353870.5997,1681354239.5996,369.0,0
918,922,226883841,1,1681354433.0998,1681354739.5997,306.5,0
919,923,227781505,1,1681354328.0996,1681354721.5997,393.5,42
920,924,227542648,1,1681354328.0996,1681354692.0997,364.0,131
921,925,227199928,1,1681354052.0998,1681354631.0998,579.0,66
922,926,227747477,1,1681354264.5997,1681354773.5997,509.0,108
923,927,226528654,6,1681353788.5997,1681354234.5995,446.0,133
924,928,225617549,1,1681353344.0997,1681354478.0998,1134.0,133
925,929,230675886,1,1681355550.0997,1681355939.0997,389.0,92
926,930,230284400,1,1681355577.0997,1681355905.0996,328.0,13
927,931,257169204,1,1681366771.0996,1681367930.0997,1159.0,45
928,932,258460904,1,1681367251.0996,1681368371.1000,1120.0,43
929,933,257376972,1,1681366718.0997,1681369090.5997,2372.5,185
930,934,256512670,1,1681366411.0996,1681368086.0996,1675.0,133
931,935,256363322,1,1681366479.5997,1681367166.0997,686.5,13
932,936,257957389,1,1681367230.5997,1681369284.0999,2053.5,117
933,937,257387934,6,1681366770.0996,1681367463.5996,693.5,133
934,938,258500570,1,1681367227.5997,1681367986.0999,758.5,44
935,939,256813623,1,1681366473.5997,1681367487.5997,1014.0,66
936,940,258329226,1,1681367138.5997,1681368389.5997,1251.0,84
937,941,257813888,1,1681366902.5997,1681367700.0996,797.5,176
938,942,256781100,1,1681366983.5996,1681367362.5996,379.0,134
939,943,257219990,1,1681366659.0997,1681367311.0997,652.0,72
940,944,257879224,1,1681367292.5997,1681368324.5997,1032.0,23
941,945,257477477,1,1681366776.0997,1681368225.5997,1449.5,66
942,946,256995833,1,1681366610.0997,1681367383.5997,773.5,46
943,947,256615157,1,1681366471.0997,1681368716.0998,2245.0,72
944,948,258418605,1,1681367310.0997,1681368861.0997,1551.0,66
945,949,258588127,1,1681367301.5997,1681368017.0998,715.5,117
946,950,258451936,1,1681367381.5999,1681369027.0997,1645.5,132
947,951,257632355,1,1681366919.5997,1681367361.0998,441.5,23
948,952,257681393,1,1681366844.5997,1681368923.0997,2078.5,0
949,953,257533374,1,1681366911.0998,1681367582.5998,671.5,46
950,954,257942553,1,1681367042.5999,1681368703.0999,1660.5,117
951,955,257942553,1,1681368703.5998,1681370085.0998,1381.5,117
952,956,258267124,1,1681367109.5997,1681367822.5997,713.0,0
953,957,258787306,1,1681367425.5997,1681368618.5998,1193.0,25
954,958,258787306,1,1681368619.0998,1681370016.5999,1397.5,25
955,959,258278929,1,1681367137.0997,1681368411.5998,1274.5,72
956,960,258170359,1,1681367206.0998,1681367528.5997,322.5,43
957,961,258586222,1,1681367275.0998,1681368522.0997,1247.0,66
958,962,256718587,1,1681366569.0980,1681367193.5997,624.502,14
959,963,241393132,1,1681360205.0997,1681360635.5996,430.5,44
960,964,240172730,1,1681359720.0997,1681360712.5997,992.5,68
961,965,239413904,1,1681359236.5998,1681361584.5998,2348.0,0
962,966,240471683,1,1681359653.5998,1681360106.5997,453.0,55
963,967,241334359,4,1681359954.0997,1681360509.0989,554.999,178
964,968,241017935,6,1681359900.5999,1681360240.0997,339.5,55
965,969,239911645,1,1681359706.5997,1681360193.0997,486.5,14
966,970,240351894,1,1681359650.5997,1681361317.5997,1667.0,131
967,971,241085230,1,1681359851.0998,1681360550.0999,699.0,119
968,972,241049098,1,1681359989.0997,1681360414.5997,425.5,52
969,973,240215715,1,1681359484.0996,1681360564.0999,1080.0,84
970,974,240218733,1,1681359485.0998,1681360795.5997,1310.5,107
971,975,241218476,1,1681359955.0997,1681360299.0000,343.9,23
972,976,241288538,1,1681359942.0997,1681361110.0997,1168.0,71
973,977,240953177,1,1681359993.5997,1681361570.0999,1576.5,45
974,978,240291268,1,1681359612.0996,1681361170.5997,1558.5,134
975,979,240456306,4,1681359686.0997,1681360250.0997,564.0,55
976,980,241472549,1,1681359992.5998,1681360383.0998,390.5,84
977,981,241488212,1,1681360039.5996,1681360500.5999,461.0,23
978,982,239427576,1,1681359133.5998,1681359554.0997,420.5,0
979,983,240192812,1,1681359474.0997,1681360558.0999,1084.0,83
980,984,240192812,1,1681360559.5999,1681361352.5998,793.0,83
981,985,241503724,1,1681360153.5996,1681360756.5997,603.0,13
982,986,240623498,1,1681359645.5998,1681360602.0997,956.5,107
983,987,240220979,1,1681359486.0996,1681360292.0997,806.0,84
984,988,240989335,1,1681360115.0997,1681361279.0998,1164.0,100
985,989,239713079,1,1681359429.5998,1681360245.0997,815.5,13
986,990,241464759,1,1681360066.0996,1681360372.5997,306.5,23
987,991,241464759,1,1681360384.0997,1681362078.0997,1694.0,23
988,992,239882236,1,1681359378.0998,1681359813.5997,435.5,66
989,993,239882236,1,1681359814.0997,1681360661.5997,847.5,66
990,994,241309946,1,1681360133.0997,1681360661.0997,528.0,66
991,995,241666477,1,1681360257.5997,1681362046.5998,1789.0,137
992,996,240635743,4,1681359733.5996,1681360231.5996,498.0,66
993,997,241358804,1,1681359996.5997,1681361528.0995,1531.5,72
994,998,240687056,1,1681359867.5996,1681360433.5997,566.0,44
995,999,241395484,1,1681359961.5997,1681360425.0997,463.5,185
996,1000,241527531,1,1681360080.0996,1681360514.5996,434.5,59
997,1001,239352849,1,1681359406.5996,1681359766.0997,359.5,25
998,1002,241685016,1,1681360267.0997,1681361166.5997,899.5,66
999,1003,223908287,1,1681352722.0997,1681353626.5998,904.5,68
1000,1004,221680701,1,1681351579.5996,1681353605.0996,2025.5,23
1001,1005,223086843,1,1681352252.5997,1681352631.0998,378.5,133
1002,1006,223086843,1,1681352738.5997,1681353658.0998,919.5,133
1003,1007,224538510,1,1681352946.5996,1681353486.0999,539.5,133
1004,1008,224515400,1,1681353044.0998,1681353575.5997,531.5,55
1005,1009,224417722,1,1681352903.5996,1681353393.5997,490.0,13
1006,1010,222086506,4,1681352011.5997,1681352426.0997,414.5,0
1007,1011,224788744,1,1681352965.0998,1681353269.5997,304.5,59
1008,1012,223818461,1,1681352533.0997,1681353245.5997,712.5,52
1009,1013,223209757,1,1681352593.0998,1681353537.5997,944.5,14
1010,1014,224097388,1,1681352619.5997,1681353231.5997,612.0,108
1011,1015,224442404,1,1681352944.0996,1681353388.0996,444.0,13
1012,1016,223960794,1,1681352761.0997,1681353202.0997,441.0,67
1013,1017,223960794,1,1681353203.0997,1681353528.0997,325.0,67
1014,1018,225197664,1,1681353085.0997,1681353710.5997,625.5,110
1015,1019,224337791,1,1681353253.5998,1681353792.5996,539.0,0
1016,1020,225590044,1,1681353269.0997,1681353951.0997,682.0,108
1017,1021,224402260,1,1681352776.5997,1681353283.5997,507.0,66
1018,1022,222195093,1,1681351820.0998,1681353197.5997,1377.5,25
1019,1023,222482102,1,1681351984.0997,1681353713.0996,1729.0,13
1020,1024,223090688,1,1681352187.0999,1681352931.5997,744.5,119
1021,1025,223295412,1,1681352258.5998,1681353460.0997,1201.5,108
1022,1026,225526372,1,1681353360.5997,1681353701.5997,341.0,119
1023,1027,222401633,1,1681352026.5997,1681353640.0997,1613.5,46
1024,1028,222773473,1,1681352170.5999,1681353243.5997,1073.0,23
1025,1029,222910760,1,1681352449.0998,1681353758.5997,1309.5,137
1026,1030,225293250,1,1681353175.0997,1681353564.0998,389.0,174
1027,1031,223528580,1,1681352388.0997,1681353282.0997,894.0,117
1028,1032,224040860,1,1681352655.0997,1681354117.0997,1462.0,26
1029,1033,224226388,1,1681352754.0997,1681354072.0996,1318.0,26
1030,1034,223989452,1,1681352610.0997,1681353435.5997,825.5,25
1031,1035,222623217,1,1681352144.5998,1681352859.0997,714.5,14
1032,1036,224008267,1,1681352601.5997,1681353547.0997,945.5,0
1033,1037,223086491,1,1681352282.0997,1681353218.0997,936.0,24
1034,1038,222359873,1,1681351873.0999,1681353163.5997,1290.5,108
1035,1039,225476662,1,1681353211.5997,1681353620.5998,409.0,84
1036,1040,223460721,1,1681352405.0997,1681353858.0998,1453.0,25
1037,1041,225531385,1,1681353360.5997,1681353980.5997,620.0,42
1038,1042,222558197,6,1681351979.5997,1681353033.0998,1053.5,23
1039,1043,221703903,1,1681351607.0997,1681353165.5998,1558.5,23
1040,1044,242018544,1,1681360328.5997,1681361031.0996,702.5,133
1041,1045,241992730,1,1681360813.5997,1681361424.0997,610.5,102
1042,1046,242074615,1,1681360292.5997,1681360718.0999,425.5,109
1043,1047,241870022,1,1681360329.5997,1681361027.5997,698.0,13
1044,1048,241795509,1,1681360611.5998,1681361886.5996,1275.0,44
1045,1049,242026087,1,1681360219.0997,1681360863.0997,644.0,66
1046,1050,242212464,4,1681360372.5997,1681360786.0998,413.5,0
1047,1051,242212464,4,1681360793.5998,1681361254.0998,460.5,0
1048,1052,243515162,1,1681360801.5997,1681361749.5997,948.0,107
1049,1053,243179142,1,1681360860.5998,1681361194.5998,334.0,100
1050,1054,242924815,1,1681360633.0997,1681361013.5996,380.5,66
1051,1055,243711521,6,1681360994.0998,1681361418.0997,424.0,134
1052,1056,243169869,1,1681360861.0997,1681361263.5996,402.5,45
1053,1057,243773213,1,1681360916.0996,1681361563.5996,647.5,107
1054,1058,243464166,1,1681360877.5998,1681362102.5997,1225.0,100
1055,1059,242812350,1,1681360585.5997,1681361405.0997,819.5,66
1056,1060,243389109,1,1681360749.0995,1681361468.0996,719.0,87
1057,1061,243389109,1,1681361468.5996,1681362060.5996,592.0,87
1058,1062,243225097,1,1681360697.0999,1681361239.5997,542.5,118
1059,1063,242877977,1,1681360550.5997,1681361572.0998,1021.5,0
1060,1064,243831551,1,1681361061.5995,1681361650.0999,588.5,130
1061,1065,262280022,1,1681368904.5998,1681369769.5997,865.0,117
1062,1066,259054917,1,1681367603.5997,1681369216.0998,1612.5,23
1063,1067,259054917,1,1681369216.5997,1681369961.0997,744.5,23
1064,1068,261190469,1,1681368632.0999,1681369158.5997,526.5,133
1065,1069,260634398,1,1681368309.0997,1681369327.5998,1018.5,108
1066,1070,260660507,1,1681368214.5996,1681368936.0997,721.5,185
1067,1071,260649441,1,1681368440.5996,1681369797.5996,1357.0,26
1068,1072,260272727,1,1681368106.5996,1681369315.0997,1208.5,133
1069,1073,261702649,1,1681368734.0999,1681369231.5998,497.5,43
1070,1074,261061026,1,1681368841.0997,1681369160.0997,319.0,14
1071,1075,259588570,1,1681367876.5998,1681369457.5996,1581.0,100
1072,1076,261235572,1,1681368479.0999,1681369515.0998,1036.0,66
1073,1077,259323387,1,1681367733.5996,1681369772.0999,2038.5,52
1074,1078,262201757,1,1681368879.0998,1681370086.0998,1207.0,83
1075,1079,262280559,1,1681368979.0996,1681369365.0999,386.0,47
1076,1080,260413465,1,1681368110.5998,1681368959.0998,848.5,83
1077,1081,262333811,1,1681368927.0997,1681369327.5998,400.5,0
1078,1082,260938715,1,1681368437.5996,1681369142.0996,704.5,45
1079,1083,261978235,1,1681368774.5997,1681369851.5996,1077.0,92
1080,1084,260382577,6,1681368188.0997,1681369153.0996,965.0,23
1081,1085,259932784,1,1681367913.0997,1681369054.0997,1141.0,155
1082,1086,262270476,1,1681368935.0998,1681370041.0996,1106.0,25
1083,1087,261716949,1,1681368704.5998,1681370011.0997,1306.5,0
1084,1088,260828196,1,1681368287.0997,1681369175.0999,888.0,0
1085,1089,258967451,1,1681367474.5996,1681369873.5997,2399.0,66
1086,1090,259561629,1,1681367966.0998,1681369894.6000,1928.5,68
1087,1091,262184796,1,1681368858.5998,1681370180.5997,1322.0,84
1088,1092,261822089,1,1681368890.5998,1681369638.5998,748.0,45
1089,1093,260238629,1,1681368029.5999,1681369616.5997,1587.0,0
1090,1094,262096056,1,1681368878.5996,1681369329.5997,451.0,72
1091,1095,260553152,1,1681368260.0997,1681369416.5997,1156.5,52
1092,1096,261624585,1,1681368629.5999,1681369046.5997,417.0,72
1093,1097,258598156,4,1681367584.5998,1681368291.5997,707.0,27
1094,1098,258598156,4,1681368401.0997,1681368871.0998,470.0,27
1095,1099,261813740,1,1681368732.0999,1681369287.0998,555.0,117
1096,1100,262399097,1,1681369064.5997,1681369402.0998,337.5,14
1097,1101,262681710,1,1681369066.0997,1681369505.5998,439.5,185
1098,1102,262360737,1,1681369104.0997,1681369462.5998,358.5,14
1099,1103,253194888,1,1681364915.0998,1681365288.5997,373.5,71
1100,1104,253071520,1,1681364856.0997,1681366006.5998,1150.5,107
1101,1105,253436534,1,1681365011.5996,1681365435.0997,423.5,87
1102,1106,253579192,1,1681365229.0997,1681366097.5998,868.5,52
1103,1107,253459160,1,1681365084.5998,1681365515.0998,430.5,0
1104,1108,253403460,1,1681365045.5997,1681365675.0997,629.5,55
1105,1109,253554479,4,1681365230.5996,1681365688.0996,457.5,21
1106,1110,253350410,1,1681365090.5996,1681365989.5997,899.0,14
1107,1111,225710554,1,1681353344.0996,1681353775.5996,431.5,71
1108,1112,225710554,1,1681353776.0996,1681354214.5998,438.5,71
1109,1113,225676282,1,1681353392.5997,1681353714.5998,322.0,44
1110,1114,225800263,1,1681353386.5998,1681354105.5997,719.0,66
1111,1115,225928175,1,1681353537.0997,1681353882.0998,345.0,43
1112,1116,256935002,1,1681366524.5997,1681366840.0997,315.5,66
1113,1117,256488000,1,1681366356.0998,1681367058.0997,702.0,0
1114,1118,257109364,1,1681366595.0997,1681367122.5997,527.5,185
1115,1119,256876960,1,1681366536.0995,1681366963.0998,427.0,118
1116,1120,256466180,1,1681366513.0998,1681367049.5997,536.5,13
1117,1121,262992870,1,1681369234.5998,1681370070.5998,836.0,119
1118,1122,262914020,1,1681369284.5996,1681369990.5998,706.0,13
1119,1123,262737033,1,1681369174.5997,1681369873.5999,699.0,23
1120,1124,263100649,1,1681369404.0997,1681369991.0996,587.0,25
1121,1125,263063513,1,1681369241.0998,1681369591.5999,350.5,0
1122,1126,262948793,1,1681369264.0997,1681369846.0996,582.0,117
1123,1127,259029507,1,1681367620.5997,1681368244.0997,623.5,23
1124,1128,259724759,1,1681368022.5997,1681368655.0998,632.5,72
1125,1129,258809676,1,1681367544.5997,1681367870.0997,325.5,23
1126,1130,258839416,1,1681367679.0996,1681368340.0997,661.0,131
1127,1131,258884271,6,1681367508.0997,1681368674.5996,1166.5,134
1128,1132,259389608,1,1681367855.0997,1681368190.0997,335.0,13
1129,1133,259738443,1,1681367891.5997,1681368448.0997,556.5,44
1130,1134,258819309,1,1681367373.0999,1681367810.0997,437.0,86
1131,1135,259147624,1,1681367582.0998,1681368144.0997,562.0,45
1132,1136,259049708,1,1681367515.0997,1681368023.0996,508.0,83
1133,1137,259325492,1,1681367646.5997,1681368138.5998,492.0,71
1134,1138,259171922,1,1681367632.5999,1681368486.5996,854.0,131
1135,1139,259718395,1,1681367871.0997,1681368229.5998,358.5,23
1136,1140,259120626,1,1681367698.5998,1681368815.5997,1117.0,71
1137,1141,259353794,1,1681367801.5997,1681368318.5997,517.0,13
1138,1142,258398840,1,1681367402.5996,1681367743.5997,341.0,23
1139,1143,259914642,1,1681367903.0999,1681368424.5998,521.5,0
1140,1144,263653055,1,1681369538.0998,1681369839.0997,301.0,13
1141,1145,263258477,6,1681369368.0998,1681369822.5997,454.5,23
1142,1146,263224983,1,1681369363.5997,1681370171.5997,808.0,120
1143,1147,264160156,1,1681369808.5998,1681370123.5998,315.0,68
1144,1148,263483693,1,1681369486.0997,1681369812.0999,326.0,133
1145,1149,263734535,1,1681369615.5997,1681370010.0998,394.5,66
1146,1150,263630580,1,1681369492.0998,1681369945.5999,453.5,117
1147,1151,264277643,1,1681369734.5996,1681370157.0997,422.5,86
1148,1152,263472169,1,1681369630.0998,1681369946.5997,316.5,23
1149,1153,263213739,1,1681369558.5997,1681369995.0999,436.5,13
1150,1154,264311466,1,1681369841.5999,1681370153.5997,312.0,72
1151,1155,263552933,1,1681369526.0998,1681369911.5997,385.5,25
1152,1156,226671140,1,1681353763.5997,1681354120.0997,356.5,66
1153,1157,267153556,4,1681371016.5997,1681371438.5996,422.0,0
1154,1158,227060077,1,1681353955.5997,1681354386.0995,430.5,75
1155,1159,239686397,1,1681359282.0988,1681359916.0996,634.001,67
1156,1160,239518606,1,1681359226.0997,1681359984.0997,758.0,66
1157,1161,238118523,1,1681359240.5997,1681359691.5997,451.0,23
1158,1162,239564680,1,1681359478.0997,1681359892.0997,414.0,69
1159,1163,220205582,4,1681350942.5997,1681351296.5996,354.0,41
1160,1164,222328918,1,1681351883.0998,1681352916.0998,1033.0,83
1161,1165,221739428,1,1681351725.0998,1681352605.5997,880.5,134
1162,1166,222089570,1,1681351756.0997,1681352849.0997,1093.0,71
1163,1167,221730118,1,1681351652.5998,1681352245.5997,593.0,14
1164,1168,221754881,1,1681351609.0997,1681352774.5997,1165.5,71
1165,1169,222346147,1,1681351905.5997,1681352526.5997,621.0,44
1166,1170,222130041,1,1681351804.0997,1681352295.0997,491.0,23
1167,1171,222672899,1,1681352005.5998,1681352709.5996,704.0,155
1168,1172,222803260,1,1681352377.0997,1681352717.0997,340.0,51
1169,1173,236244076,1,1681357997.0997,1681358367.5998,370.5,44
1170,1174,236222170,1,1681357886.0998,1681358737.0996,851.0,177
1171,1175,236468177,1,1681358270.5000,1681358773.5997,503.1,66
1172,1176,236682930,1,1681358034.5997,1681358388.0998,353.5,84
1173,1177,236709745,1,1681358045.0998,1681358347.5996,302.5,0
1174,1178,236745262,1,1681358118.0998,1681358505.0999,387.0,66
1175,1179,236765671,1,1681358165.0998,1681358812.5996,647.5,42
1176,1180,236912489,1,1681358121.5999,1681358571.0996,449.5,0
1177,1181,237215402,1,1681358369.0998,1681358672.5996,303.5,47
1178,1182,237313844,1,1681358283.5000,1681358619.5997,336.1,110
1179,1183,237273846,1,1681358282.0998,1681358699.5997,417.5,75
1180,1184,237066339,1,1681358182.0997,1681358713.5997,531.5,83
1181,1185,244589407,1,1681361461.5998,1681361955.5998,494.0,25
1182,1186,244517874,1,1681361380.0999,1681361907.0121,526.912,131
1183,1187,244268595,1,1681361265.5997,1681361624.5997,359.0,44
1184,1188,244759796,1,1681361433.0996,1681361826.5999,393.5,127
1185,1189,244271060,1,1681361124.5997,1681361429.0995,304.5,0
1186,1190,244944514,1,1681361567.5996,1681362062.0996,494.5,66
1187,1191,244393494,1,1681361470.5999,1681362027.0997,556.5,0
1188,1192,244968000,1,1681361570.5997,1681361957.5997,387.0,133
1189,1193,244783086,1,1681361459.0997,1681361813.0997,354.0,45
1190,1194,218522096,1,1681350275.0997,1681350654.0998,379.0,42
1191,1195,218262706,1,1681350273.5985,1681350654.0998,380.501,26
1192,1196,222937417,1,1681352171.5998,1681352702.5995,531.0,23
1193,1197,223458744,1,1681352329.5997,1681352727.0998,397.5,84
1194,1198,222874165,1,1681352314.5997,1681352838.5999,524.0,23
1195,1199,223674653,1,1681352448.5994,1681352833.5998,385.0,72
1196,1200,223371825,1,1681352362.5998,1681352726.0997,363.5,26
1197,1201,223029463,1,1681352288.5997,1681352938.5997,650.0,44
1198,1202,223442259,1,1681352399.0996,1681352927.5997,528.5,131
1199,1203,223024335,1,1681352182.5997,1681352914.0997,731.5,23
1200,1204,223361257,1,1681352450.6000,1681352823.5998,373.0,133
1201,1205,223703439,1,1681352577.0998,1681352956.0997,379.0,46
1202,1206,223996791,1,1681352698.0997,1681353107.5997,409.5,44
1203,1207,223866702,1,1681352559.0997,1681353052.5997,493.5,23
1204,1208,224090148,1,1681352661.0997,1681353021.0997,360.0,26
1205,1209,191421808,1,1681340400.0998,1681340897.5997,497.5,11
1206,1210,193650344,1,1681340400.0997,1681340941.5996,541.5,84
1207,1211,193964074,1,1681340400.0997,1681340723.5999,323.5,0
1208,1212,193842843,1,1681340400.0997,1681340820.0997,420.0,84
1209,1213,190696983,1,1681340400.0998,1681340877.0998,477.0,11
1210,1214,194472808,1,1681340556.0997,1681340918.0997,362.0,25
1211,1215,232560556,1,1681356364.0997,1681356775.5997,411.5,107
1212,1216,232111464,1,1681356454.5997,1681356814.5997,360.0,23
1213,1217,254203441,1,1681365374.5996,1681365676.0997,301.5,71
1214,1218,254070219,1,1681365306.5997,1681365716.0996,409.5,0
1215,1219,253974404,1,1681365260.0997,1681365667.5997,407.5,86
1216,1220,254027890,1,1681365292.5997,1681365744.0998,451.5,118
1217,1221,253842368,1,1681365232.0997,1681365859.5998,627.5,66
1218,1222,269043647,1,1681371718.5997,1681372415.0996,696.5,0
1219,1223,269304144,1,1681371803.5995,1681372556.0997,752.5,117
1220,1224,260177043,1,1681368003.0996,1681368670.5996,667.5,21
1221,1225,260242866,1,1681368194.5997,1681368912.0998,717.5,185
1222,1226,260029138,1,1681368091.5998,1681368685.1000,593.5,44
1223,1227,260284621,1,1681368067.0998,1681368534.1000,467.0,0
1224,1228,260548332,1,1681368173.0997,1681368555.5997,382.5,185
1225,1229,260539684,4,1681368284.0997,1681368719.5998,435.5,14
1226,1230,261111130,1,1681368411.5998,1681368738.5999,327.0,84
1227,1231,269325645,1,1681371847.0997,1681372588.5996,741.5,41
1228,1232,269633544,1,1681372102.5996,1681372468.0996,365.5,45
1229,1233,269971845,1,1681372266.5998,1681372653.5998,387.0,83
1230,1234,270391583,1,1681372249.5997,1681372653.0997,403.5,83
1231,1235,270516271,1,1681372369.0997,1681372767.5998,398.5,25
1232,1236,270135303,1,1681372266.5997,1681372686.5997,420.0,13
1233,1237,270405531,1,1681372382.0997,1681372728.0997,346.0,132
1234,1238,263187088,1,1681369372.5999,1681369743.0998,370.5,47
1235,1239,254545195,1,1681365555.0998,1681365895.0998,340.0,66
1236,1240,217880818,1,1681349880.0998,1681350932.0997,1052.0,0
1237,1241,241865890,1,1681360177.0998,1681360512.5999,335.5,0
1238,1242,227323086,1,1681354057.5999,1681354408.0996,350.5,84
1239,1243,258656038,1,1681367296.0997,1681367602.5996,306.5,108
1240,1244,239240995,1,1681359054.0997,1681359789.0997,735.0,107
1241,1245,251246446,1,1681364047.0998,1681364891.5998,844.5,83
1242,1246,211819548,1,1681347411.0997,1681347820.0999,409.0,83
