,0,1,2,3,4,5,6,7
0,1936,194381841,3,1681340493.0997,1681340494.0996,7.19894,-0.1735,18
1,1937,194908595,1,1681340738.5997,1681340738.5997,2.58436,2.9366,41
2,1938,194927144,3,1681340753.0998,1681340753.0998,4.64841,-2.7587,28
3,1939,195355262,3,1681340956.0997,1681340962.5997,1.20458,-2.9196,26
4,1940,190696983,1,1681341004.0997,1681341004.5997,3.62801,0.1738,16
5,1941,195312020,1,1681341061.5998,1681341062.5998,3.71635,-0.1133,20
6,1942,195839557,1,1681341204.0997,1681341204.0997,4.34658,2.7883,41
7,1943,195900290,1,1681341265.5997,1681341265.5997,1.53254,2.842,41
8,1944,196096723,1,1681341289.0997,1681341303.5996,0.537399,2.8692,41
9,1945,196034141,1,1681341434.5997,1681341434.5997,0.815347,2.8537,41
10,1946,196484508,1,1681341525.0997,1681341525.0997,0.481877,2.8126,41
11,1947,196578273,1,1681341589.0997,1681341589.5997,3.9422,-0.3767,16
12,1948,196988480,1,1681341654.0997,1681341654.5992,4.56324,2.8903,41
13,1949,197123404,1,1681341706.0996,1681341720.5997,1.40798,2.7775,41
14,1950,197278369,1,1681341780.5996,1681341781.0996,2.4274,2.787,41
15,1951,197139137,1,1681341781.0996,1681341781.0996,0.408569,2.9324,41
16,1952,197324282,1,1681341787.5996,1681341856.5997,0.639092,2.8523,41
17,1953,197404488,1,1681341829.5996,1681341831.0999,1.59521,0.0649,27
18,1954,197599787,1,1681341899.5998,1681341901.5998,0.89031,2.776,41
19,1955,197618492,1,1681341905.0998,1681341918.0998,0.74721,-2.9538,41
20,1956,197682190,1,1681341929.0998,1681341934.5997,0.330846,-0.3052,16
21,1957,198029884,1,1681342075.5998,1681342119.0998,0.927074,2.8268,41
22,1958,198394807,1,1681342248.1000,1681342248.6000,2.75367,2.7915,41
23,1959,198644275,1,1681342315.5999,1681342316.0999,1.70491,2.8232,41
24,1960,198222198,1,1681342348.0997,1681342349.0997,4.55132,-0.0634,20
25,1961,198749122,1,1681342353.0998,1681342353.0998,0.945572,2.7855,41
26,1962,199123864,1,1681342485.5999,1681342486.0999,1.87936,2.7911,41
27,1963,199157754,1,1681342506.5998,1681342614.0998,2.1436,3.0001,41
28,1964,199349514,1,1681342579.0999,1681342579.0999,3.66518,2.7909,41
29,1965,199545754,1,1681342653.5998,1681342653.5998,1.44164,2.7708,41
30,1966,198276051,1,1681342673.0996,1681342674.0996,1.57774,-0.0412,20
31,1967,199389943,1,1681342699.0998,1681342699.0998,5.25017,0.0551,20
32,1968,199350015,1,1681342810.0997,1681342811.5997,5.31022,-0.2073,20
33,1969,199925034,1,1681342831.5997,1681342831.5997,1.29916,2.7741,41
34,1970,200339687,1,1681342956.5997,1681342956.5997,4.57468,2.7664,41
35,1971,200319023,1,1681343028.5978,1681343029.0996,2.5298,-0.1035,20
36,1972,200192958,1,1681343161.5998,1681343161.5998,2.08132,-2.744,15
37,1973,200110167,1,1681343175.5997,1681343176.0996,2.79139,-0.0175,20
38,1974,200983454,1,1681343216.0997,1681343216.5997,3.06144,2.7711,41
39,1975,200686903,1,1681343237.5997,1681343239.0997,3.44663,-0.208,20
40,1976,200529114,1,1681343273.0997,1681343273.5997,4.28196,0.0145,20
41,1977,200694764,1,1681343280.5997,1681343280.5997,4.40708,0.1123,20
42,1978,200890006,3,1681343283.0997,1681343287.0997,1.27907,2.9209,15
43,1979,201071522,1,1681343343.0996,1681343343.0996,0.793435,2.8437,41
44,1980,201425274,1,1681343413.5998,1681343471.5997,0.169692,2.9123,41
45,1981,201435069,3,1681343423.5997,1681343438.0998,0.902948,3.0072,15
46,1982,201444518,1,1681343476.0997,1681343476.5997,3.36026,2.8626,41
47,1983,201331051,1,1681343495.5997,1681343495.5997,5.22353,0.0798,20
48,1984,201529459,4,1681343534.5997,1681343546.5996,0.406607,2.955,41
49,1985,201729919,1,1681343554.0997,1681343554.0997,5.5545,2.8931,41
50,1986,201714156,1,1681343561.5997,1681343580.5998,0.622243,-0.1962,27
51,1987,199925850,1,1681343647.5997,1681343648.5997,6.26286,-0.1282,20
52,1988,201923773,1,1681343648.5996,1681343726.5997,1.47244,2.7835,41
53,1989,201899085,1,1681343726.5997,1681343726.5997,1.7136,2.8587,41
54,1990,201850944,1,1681343741.0997,1681343742.5997,4.39876,-0.1261,20
55,1991,202183065,1,1681343825.0997,1681343825.0997,2.77881,0.3038,16
56,1992,202164827,1,1681343850.5995,1681343850.5995,2.13711,0.0918,20
57,1993,202369840,1,1681343858.0997,1681343858.0997,1.7118,2.8318,41
58,1994,202373477,1,1681343862.5998,1681343863.0998,3.0676,2.8008,41
59,1995,202149131,1,1681343865.5996,1681343865.5996,4.82318,0.0586,20
60,1996,202434534,1,1681343969.5997,1681343969.5997,1.21074,0.1452,22
61,1997,202483040,1,1681343992.5998,1681343992.5998,1.90577,3.0593,41
62,1998,202488208,1,1681343993.5998,1681343994.5998,4.35722,-0.0713,20
63,1999,202681398,1,1681343994.0998,1681343994.0998,1.5793,2.819,41
64,2000,202899735,1,1681344081.0999,1681344121.5998,0.510115,2.8973,41
65,2001,202904440,1,1681344081.5997,1681344082.5997,0.760828,-3.0432,19
66,2002,202587985,1,1681344082.0996,1681344082.0996,3.31399,0.0197,20
67,2003,202777093,1,1681344098.5997,1681344098.5997,3.80503,0.0958,20
68,2004,202497954,1,1681344129.0996,1681344129.5997,5.975,0.1397,16
69,2005,202706060,1,1681344173.0997,1681344174.5997,2.93251,-0.123,20
70,2006,202702890,1,1681344198.5997,1681344198.5997,2.61915,0.0331,20
71,2007,203211990,1,1681344247.0997,1681344247.0997,0.163206,2.7982,41
72,2008,203448245,1,1681344318.0996,1681344318.0996,2.50659,2.9961,41
73,2009,203359013,1,1681344429.0999,1681344429.0999,3.83471,0.0716,20
74,2010,203622364,1,1681344451.5997,1681344452.0997,5.06357,-0.0691,20
75,2011,203786552,1,1681344466.5996,1681344466.5996,3.13842,2.8266,41
76,2012,203576569,1,1681344523.5998,1681344526.5999,1.67545,-0.0577,20
77,2013,203989683,1,1681344551.5997,1681344551.5997,11.0857,3.0983,15
78,2014,203747563,1,1681344552.0998,1681344552.5996,6.16875,-0.1141,20
79,2015,203751420,1,1681344558.0998,1681344558.5998,4.70871,-0.0797,20
80,2016,204022948,1,1681344642.5997,1681344642.5997,0.459977,2.7782,41
81,2017,203934942,1,1681344649.0998,1681344649.5998,6.58498,-0.0271,20
82,2018,203919047,1,1681344671.0996,1681344672.5998,6.02998,-0.1899,20
83,2019,204021384,1,1681344677.0997,1681344677.0997,3.88215,0.1168,20
84,2020,204423009,3,1681344731.0997,1681344731.0997,4.70058,-0.351,42
85,2021,204315082,1,1681344786.0997,1681344787.0997,5.41931,-0.1,20
86,2022,204643126,1,1681344817.5996,1681344817.5996,8.63009,2.8067,41
87,2023,204731923,1,1681344854.0997,1681344854.5997,3.01725,2.8615,41
88,2024,204650499,1,1681344872.0997,1681344872.5997,4.24682,0.1831,16
89,2025,204574738,1,1681344884.5997,1681344884.5997,2.33524,0.1745,20
90,2026,204611968,1,1681344891.0997,1681344892.0999,4.96258,-0.085,20
91,2027,204865951,1,1681344938.0996,1681344965.5995,0.475446,2.8998,43
92,2028,205005513,1,1681344967.5997,1681344971.5997,0.654115,2.8191,41
93,2029,204979995,3,1681344985.0998,1681344985.5998,3.49472,0.3789,16
94,2030,204927112,1,1681345018.0996,1681345018.0996,4.06863,0.1508,20
95,2031,205231078,1,1681345127.0997,1681345128.0997,4.9538,-0.0554,20
96,2032,205053330,1,1681345136.0997,1681345136.5997,5.02765,0.0009,20
97,2033,205562953,1,1681345198.5996,1681345198.5996,5.54673,3.004,41
98,2034,205094977,1,1681345209.0998,1681345211.0998,7.19465,-0.1819,20
99,2035,205483318,1,1681345224.0996,1681345224.0996,1.81474,2.8552,41
100,2036,205434691,1,1681345237.0996,1681345240.5997,3.34789,-0.1884,20
101,2037,205754362,6,1681345251.5996,1681345252.0996,2.54848,2.7878,41
102,2038,205762261,4,1681345253.0996,1681345255.0996,2.43245,2.8385,41
103,2039,205575615,1,1681345268.0998,1681345268.0998,2.85419,2.8709,15
104,2040,205522429,1,1681345272.5999,1681345272.5999,5.49667,0.0546,20
105,2041,205707287,1,1681345310.0997,1681345310.5997,3.9666,0.004,16
106,2042,205445529,1,1681345352.0997,1681345352.0997,2.76406,0.1669,20
107,2043,205681824,1,1681345396.0997,1681345397.0998,1.67182,-0.1603,20
108,2044,205845966,6,1681345419.5999,1681345419.5999,6.48582,-0.3287,16
109,2045,206149793,1,1681345470.0998,1681345470.5998,1.01606,-2.769,28
110,2046,206055528,1,1681345472.0997,1681345472.0997,2.96293,0.1351,20
111,2047,205720197,1,1681345478.0996,1681345479.0997,4.94523,-0.0733,20
112,2048,206177641,1,1681345480.5997,1681345482.5998,5.48845,-0.143,20
113,2049,206465262,3,1681345499.5997,1681345500.0997,5.56664,-0.073,20
114,2050,206654820,4,1681345558.5998,1681345558.5998,0.800285,2.9953,41
115,2051,206656428,3,1681345559.0996,1681345562.0997,4.94635,2.7744,41
116,2052,206645707,3,1681345559.5998,1681345559.5998,2.85386,2.7661,41
117,2053,206761177,1,1681345597.0998,1681345597.5998,0.780198,3.1177,21
118,2054,206814335,1,1681345616.5997,1681345617.0998,0.755526,2.7908,15
119,2055,206623227,1,1681345618.0998,1681345618.0998,2.2621,3.0168,26
120,2056,206294599,1,1681345647.0996,1681345647.0996,1.80501,-0.3261,16
121,2057,206895203,1,1681345715.5998,1681345715.5998,1.96614,0.0972,20
122,2058,207077267,1,1681345719.5997,1681345719.5997,3.3891,2.8796,41
123,2059,207076202,1,1681345720.0997,1681345720.0997,0.613265,2.8783,41
124,2060,207179214,1,1681345797.0996,1681345798.5998,5.52559,-0.1944,20
125,2061,207070571,1,1681345825.0997,1681345827.0997,5.63823,-0.142,20
126,2062,206932124,1,1681345827.5997,1681345830.0997,4.96698,-0.2044,20
127,2063,207364119,1,1681345843.5996,1681345843.5996,0.358477,2.8048,41
128,2064,207606414,1,1681345928.5996,1681345928.5996,0.944756,2.9144,41
129,2065,207739018,1,1681345979.5997,1681346057.0997,0.962981,2.8138,41
130,2066,207768284,1,1681345998.5997,1681345998.5997,0.231447,2.7783,41
131,2067,207742970,1,1681346052.0997,1681346052.0997,2.17583,0.1178,20
132,2068,207887184,3,1681346053.0996,1681346055.0998,2.64923,0.0359,16
133,2069,207726783,1,1681346055.5997,1681346055.5997,0.223799,2.9544,41
134,2070,207637592,1,1681346064.5996,1681346064.5996,4.37191,2.9775,24
135,2071,207881458,4,1681346125.0998,1681346125.5998,2.43234,0.092,16
136,2072,208154066,1,1681346128.0996,1681346128.0996,2.01121,2.8135,41
137,2073,208086352,1,1681346166.5997,1681346168.0997,2.5201,-0.1222,20
138,2074,207920867,1,1681346174.0997,1681346174.5995,3.44339,0.0389,20
139,2075,208263135,1,1681346229.0996,1681346229.0996,6.52737,2.7786,28
140,2076,208464853,1,1681346291.0997,1681346291.5996,3.85478,0.0425,20
141,2077,208906285,1,1681346474.0997,1681346476.0996,2.10212,0.0384,16
142,2078,208747890,1,1681346481.5995,1681346482.0997,4.92467,-0.0652,20
143,2079,209211177,1,1681346494.0999,1681346495.5999,2.3967,2.7803,41
144,2080,208858191,1,1681346513.0997,1681346513.5997,4.44826,0.0301,20
145,2081,209430586,1,1681346572.0998,1681346572.5999,1.14128,2.9412,41
146,2082,208782924,1,1681346598.0996,1681346600.0995,3.39905,-0.1965,20
147,2083,209198657,1,1681346604.5998,1681346604.5998,3.00897,-2.9236,19
148,2084,209338138,1,1681346627.0999,1681346627.5999,1.51178,-0.0398,20
149,2085,209880059,1,1681346740.5997,1681346788.0997,0.581325,2.8468,41
150,2086,209519870,1,1681346744.5996,1681346745.5996,1.87713,-0.0809,20
151,2087,209905810,1,1681346751.5997,1681346752.0997,0.73158,2.8626,41
152,2088,209618194,1,1681346752.0998,1681346753.5996,3.29773,-0.197,20
153,2089,209917176,1,1681346753.5997,1681346754.0997,2.56908,2.7861,41
154,2090,209923199,1,1681346840.5997,1681346840.5997,2.64303,2.7877,41
155,2091,209702677,1,1681346850.0999,1681346851.5997,1.49984,-0.0979,20
156,2092,209892255,1,1681346863.5996,1681346864.0997,4.92148,-0.0297,20
157,2093,209911567,1,1681346872.5997,1681346875.0997,2.67157,-0.1989,20
158,2094,210000420,1,1681346874.0997,1681346874.0997,2.82041,-2.7638,15
159,2095,210155133,1,1681346877.0998,1681346877.0998,0.877105,2.8475,41
160,2096,210277493,1,1681346883.0999,1681346889.5999,0.860248,2.8316,41
161,2097,210443729,1,1681346941.5998,1681346941.5998,0.812287,2.8953,28
162,2098,210248455,1,1681346952.0996,1681346953.0996,6.59255,-0.2891,16
163,2099,210212084,1,1681346955.0997,1681346956.5999,3.95582,-0.0762,20
164,2100,210220542,1,1681346986.5997,1681346987.5997,1.89985,-0.124,20
165,2101,210272568,1,1681346994.0997,1681346994.5997,4.88665,-0.0906,20
166,2102,210452888,1,1681347061.5999,1681347061.5999,0.398415,2.8384,15
167,2103,210435751,1,1681347063.0997,1681347064.5997,4.76216,-0.1276,20
168,2104,210363704,1,1681347099.0997,1681347099.5997,3.49296,-0.0045,20
169,2105,210904074,3,1681347100.0997,1681347101.5996,5.13829,-0.1298,20
170,2106,210828906,1,1681347103.0996,1681347106.0997,3.95147,-0.2082,20
171,2107,210864323,1,1681347119.5997,1681347119.5997,1.27645,-0.1142,44
172,2108,210679111,1,1681347129.5997,1681347130.0997,1.5827,0.1344,20
173,2109,210668646,1,1681347134.0996,1681347152.5997,0.486935,-0.1592,20
174,2110,210960969,1,1681347171.0998,1681347172.0998,5.34715,0.0939,16
175,2111,211230465,1,1681347202.0997,1681347202.0997,3.34707,-2.9505,28
176,2112,211304583,1,1681347229.0999,1681347229.0999,3.51236,2.8304,41
177,2113,211327371,3,1681347238.5999,1681347238.5999,2.4607,2.8189,41
178,2114,211176585,1,1681347239.0997,1681347532.0997,2.19105,-3.1231,41
179,2115,211344214,3,1681347243.0999,1681347244.5999,3.98055,2.8266,41
180,2116,211386084,3,1681347259.5999,1681347264.0999,3.95135,2.7641,41
181,2117,211386348,3,1681347260.0999,1681347263.0996,3.78933,2.8042,41
182,2118,211290048,1,1681347326.5997,1681347326.5997,3.92325,0.072,20
183,2119,211260782,1,1681347330.0996,1681347331.0998,5.9175,-0.1069,20
184,2120,211610211,1,1681347343.5998,1681347345.0998,1.72078,2.7753,41
185,2121,210881542,1,1681347350.0997,1681347350.0997,0.777654,-0.0393,44
186,2122,211665887,1,1681347357.0998,1681347357.0998,0.746099,2.7805,41
187,2123,211553575,1,1681347439.5997,1681347440.5996,4.27086,-0.0816,20
188,2124,211650060,1,1681347445.0995,1681347446.0997,2.29658,-0.0201,20
189,2125,211425359,6,1681347459.0997,1681347460.0996,0.856844,-2.9616,15
190,2126,211734728,1,1681347474.0997,1681347474.0997,2.59091,0.1896,20
191,2127,212038337,1,1681347487.5997,1681347487.5997,0.579345,2.8608,41
192,2128,211904767,1,1681347537.0997,1681347552.5997,8.11455,-0.373,18
193,2129,211953225,1,1681347567.0996,1681347568.0998,1.91936,-0.0973,20
194,2130,211990350,1,1681347571.5999,1681347575.0996,1.62793,-0.1612,20
195,2131,211690750,1,1681347586.5998,1681347588.5998,1.17693,0.0859,20
196,2132,212009536,1,1681347592.5998,1681347609.0996,0.984531,-0.0658,20
197,2133,212033674,1,1681347617.0998,1681347617.0998,0.855498,2.8563,41
198,2134,212396524,1,1681347641.5998,1681347641.5998,0.41316,-0.3716,18
199,2135,212362246,1,1681347680.5997,1681347681.0997,1.29678,-0.0511,20
200,2136,212367215,1,1681347684.5997,1681347685.0997,2.18765,0.0353,20
201,2137,212413881,1,1681347702.0997,1681347703.5997,1.95635,-0.1561,20
202,2138,212626151,1,1681347716.0997,1681347716.0997,2.31428,-0.0117,20
203,2139,212454530,1,1681347718.0997,1681347718.0997,6.78853,-3.1123,24
204,2140,212696213,1,1681347739.0999,1681347739.0999,4.83114,2.7705,41
205,2141,212713191,1,1681347773.5999,1681347773.5999,0.776935,2.9423,41
206,2142,212700342,1,1681347795.5999,1681347796.5998,5.3349,-0.1428,20
207,2143,213348202,1,1681347992.5999,1681347992.5999,0.976875,2.8384,41
208,2144,212942262,1,1681348006.5996,1681348006.5996,4.36865,0.2059,20
209,2145,213050235,1,1681348015.0997,1681348016.0996,2.4775,-0.1359,20
210,2146,213253141,1,1681348035.5999,1681348035.5999,1.68328,-0.386,16
211,2147,213099829,6,1681348072.5997,1681348072.5997,2.50732,-2.9487,43
212,2148,213299322,1,1681348085.0997,1681348086.5996,2.51231,-0.1152,20
213,2149,213376504,1,1681348104.5997,1681348105.5998,3.99978,-0.1509,20
214,2150,213428156,1,1681348116.0998,1681348116.5997,4.09332,0.0195,20
215,2151,213523895,1,1681348162.0998,1681348162.0998,2.75483,-2.7762,15
216,2152,213552359,1,1681348164.5997,1681348165.0997,4.42391,-0.064,20
217,2153,213776224,3,1681348189.0996,1681348189.0996,2.53943,-0.3412,42
218,2154,213847104,3,1681348201.0997,1681348202.0997,3.48101,-0.3486,42
219,2155,213913651,1,1681348226.0997,1681348226.0997,1.58028,0.0897,44
220,2156,213956754,1,1681348298.0997,1681348298.5997,1.06711,2.8215,41
221,2157,214177505,3,1681348338.0996,1681348339.0997,9.55867,-0.1886,20
222,2158,214241103,6,1681348360.5996,1681348360.5996,1.17468,2.899,41
223,2159,213945888,4,1681348368.0994,1681348368.0994,1.05665,2.7694,41
224,2160,214270557,1,1681348487.0995,1681348488.0997,2.45212,-0.1073,20
225,2161,214742079,1,1681348560.0997,1681348560.0997,2.03748,2.7918,41
226,2162,214730853,3,1681348566.0996,1681348570.0998,5.7122,-0.3537,42
227,2163,214493486,1,1681348580.0996,1681348580.0996,1.80428,0.1737,20
228,2164,214564931,1,1681348584.0997,1681348584.5998,3.45695,-0.0695,20
229,2165,214517974,1,1681348587.5997,1681348590.0996,1.59252,-0.1466,20
230,2166,214728409,1,1681348594.5996,1681348598.0996,1.71083,0.2016,20
231,2167,214742943,4,1681348601.5997,1681348774.5996,4.68411,2.8396,41
232,2168,214859519,1,1681348609.5996,1681348638.5997,0.743601,2.8539,41
233,2169,214779061,1,1681348616.5997,1681348636.5997,1.11782,2.8784,41
234,2170,214925978,1,1681348636.5997,1681348636.5997,1.02836,2.7836,41
235,2171,214935816,1,1681348640.0996,1681348640.5997,2.76596,2.9342,41
236,2172,214917891,1,1681348640.0997,1681348640.0997,3.3447,2.7706,41
237,2173,214966557,1,1681348651.5996,1681348651.5996,0.499411,2.9748,41
238,2174,214851530,1,1681348694.0997,1681348694.5999,3.20752,0.1025,20
239,2175,215213717,1,1681348764.5997,1681348782.0996,1.12662,2.8026,41
240,2176,215319921,1,1681348860.0997,1681348860.5997,0.474919,2.7908,41
241,2177,215225856,1,1681348931.5997,1681348931.5997,3.26133,0.1939,20
242,2178,215573509,1,1681349022.5997,1681349024.5998,2.47588,0.0126,16
243,2179,215665117,1,1681349106.5995,1681349150.5995,0.592046,3.0573,28
244,2180,216040529,4,1681349109.0997,1681349109.0997,0.203895,-0.3484,42
245,2181,215847217,1,1681349163.5997,1681349163.5997,3.03682,0.1556,20
246,2182,216079500,1,1681349258.5996,1681349259.5998,4.23206,-0.0939,20
247,2183,216779156,1,1681349523.0998,1681349523.0998,4.46391,0.1237,20
248,2184,216913438,1,1681349545.0996,1681349546.0997,4.86973,-0.0818,20
249,2185,217124723,1,1681349582.6000,1681349582.6000,2.65754,2.9189,41
250,2186,217439806,1,1681349691.0998,1681349691.0998,5.16938,2.7646,41
251,2187,217235529,1,1681349745.0998,1681349745.0998,0.996802,0.0532,20
252,2188,217570805,4,1681349885.5996,1681349887.5997,1.28353,0.1268,16
253,2189,218064866,3,1681349959.0996,1681349961.0997,1.04731,3.0908,15
254,2190,218092502,1,1681349983.5997,1681349985.5997,8.09566,-0.121,16
255,2191,217849219,1,1681349988.0997,1681349988.0997,4.95643,0.1119,20
256,2192,218125194,3,1681349990.0996,1681349991.0996,4.71967,-0.2995,42
257,2193,218141019,1,1681349994.5995,1681349994.5995,0.811247,2.8455,41
258,2194,218185729,1,1681350118.0997,1681350118.0997,3.29553,0.1075,20
259,2195,218207039,1,1681350128.5997,1681350128.5997,2.20725,0.1408,20
260,2196,218431022,6,1681350133.5998,1681350134.0998,2.10732,0.0266,27
261,2197,218187591,1,1681350135.0997,1681350137.0997,0.881738,-0.1816,20
262,2198,218451515,1,1681350176.0999,1681350180.0998,12.6484,-0.283,16
263,2199,218380445,1,1681350207.5998,1681350208.0997,6.6338,-0.0507,20
264,2200,218857178,3,1681350324.5997,1681350324.5997,2.88306,2.7863,41
265,2201,218582112,1,1681350407.0997,1681350407.0997,3.14319,0.2054,20
266,2202,219171827,1,1681350462.0996,1681350463.0996,1.53332,2.9039,41
267,2203,217890447,1,1681350488.0998,1681350488.5997,2.85906,0.0225,20
268,2204,219268861,1,1681350563.0999,1681350563.5999,1.46458,2.8582,41
269,2205,219415653,1,1681350564.0996,1681350564.5996,0.524947,2.7712,41
270,2206,219409408,1,1681350565.0996,1681350565.0996,4.41201,2.8383,41
271,2207,219504056,1,1681350603.0998,1681350605.0998,1.13759,2.9391,41
272,2208,219448505,1,1681350616.5998,1681350617.5998,0.886815,3.0411,43
273,2209,220028261,4,1681350816.0997,1681350816.0997,1.24378,2.8802,41
274,2210,220105644,3,1681350859.5998,1681350861.0998,6.02549,-0.361,42
275,2211,219973230,1,1681350892.5997,1681350895.5997,3.18942,-0.1781,20
276,2212,220092695,1,1681350904.5997,1681350904.5997,0.630246,3.1288,41
277,2213,220277059,1,1681350919.5997,1681350919.5997,0.828062,3.1328,41
278,2214,219877342,1,1681350928.5998,1681350928.5998,3.91771,-0.3109,16
279,2215,220212355,1,1681350946.0998,1681350949.0998,10.5153,-0.3054,16
280,2216,220297005,1,1681350948.5995,1681350948.5995,4.18422,-0.358,29
281,2217,220272407,1,1681350991.5997,1681350992.0996,3.32101,0.1304,20
282,2218,220664588,3,1681351097.0996,1681351098.0996,4.13799,-0.3422,42
283,2219,220730406,1,1681351188.0996,1681351188.5996,1.63821,0.073,20
284,2220,220759121,4,1681351212.0996,1681351212.0996,0.755267,2.8509,28
285,2221,220917856,1,1681351228.0997,1681351228.0997,4.49825,2.8114,41
286,2222,221047063,1,1681351263.0997,1681351263.0997,0.0967236,2.7814,41
287,2223,220944578,1,1681351371.5996,1681351371.5996,2.32393,0.1706,20
288,2224,221374445,3,1681351408.0997,1681351409.0998,2.5846,-0.3437,42
289,2225,221155727,1,1681351431.5996,1681351434.0997,6.46971,-0.1473,16
290,2226,221505498,1,1681351530.5999,1681351530.5999,4.14863,0.0631,20
291,2227,221730772,3,1681351559.0996,1681351559.0996,2.80215,0.1687,20
292,2228,221757049,1,1681351571.0996,1681351571.0996,0.288625,2.8194,41
293,2229,221932323,4,1681351646.5998,1681351646.5998,1.68294,-0.3026,18
294,2230,221910357,1,1681351683.5996,1681351683.5996,3.80236,2.8652,41
295,2231,221988559,4,1681351685.0998,1681351705.5998,2.37624,-0.332,16
296,2232,222013015,1,1681351688.0996,1681351688.0996,2.4311,2.8451,41
297,2233,221961300,4,1681351689.5995,1681351689.5995,0.587575,-0.3085,16
298,2234,222100260,4,1681351722.5998,1681351722.5998,1.35839,-0.3986,29
299,2235,221975948,1,1681351754.0997,1681351754.0997,5.13247,0.0062,20
300,2236,222179726,1,1681351759.5997,1681351759.5997,1.71358,2.7913,41
301,2237,221902135,6,1681351795.5998,1681351795.5998,2.26303,-0.0471,16
302,2238,222229000,1,1681351848.0998,1681351849.0997,4.56396,-0.0898,20
303,2239,222454074,1,1681351906.5998,1681351907.0998,1.27386,2.8135,41
304,2240,222371132,1,1681351937.0997,1681351938.0998,4.53367,-0.1477,20
305,2241,222482102,1,1681351955.0997,1681351955.5997,2.32392,0.0449,20
306,2242,222568803,1,1681351966.5997,1681351968.5997,1.32774,-0.1839,27
307,2243,222515070,1,1681352024.0998,1681352024.5997,3.32509,-0.063,20
308,2244,222765069,1,1681352027.5998,1681352028.0997,1.72647,2.7801,41
309,2245,222813702,1,1681352064.0998,1681352065.0998,0.654214,3.0964,43
310,2246,223271509,3,1681352275.0996,1681352287.0997,0.980251,-0.0472,20
311,2247,223527305,1,1681352358.5996,1681352358.5996,1.69025,2.7733,41
312,2248,223435530,1,1681352418.0999,1681352419.5997,4.60676,-0.1743,20
313,2249,223209757,1,1681352426.5998,1681352429.5998,3.29401,-0.193,20
314,2250,223785074,3,1681352498.5997,1681352499.5997,4.22324,-0.3207,42
315,2251,224145051,1,1681352643.0996,1681352643.0996,0.779277,2.9244,41
316,2252,224353212,1,1681352741.0997,1681352741.0997,0.319929,2.791,41
317,2253,224515399,1,1681352806.0996,1681352806.0996,0.355233,2.8726,41
318,2254,224515400,1,1681352809.0996,1681352809.5997,3.98938,2.8785,41
319,2255,224632857,1,1681352853.5996,1681352853.5996,0.746424,2.7633,41
320,2256,224442404,1,1681352917.5996,1681352917.5996,1.99005,0.1509,20
321,2257,224856542,1,1681352943.0998,1681352943.0998,45.3814,-0.3558,42
322,2258,224849272,1,1681352974.5998,1681352974.5998,1.02006,2.8819,41
323,2259,225068123,1,1681353036.5997,1681353036.5997,1.86634,3.0337,41
324,2260,222558197,6,1681353055.0998,1681353055.0998,0.270074,0.1108,20
325,2261,225142177,3,1681353087.0996,1681353088.5997,5.76043,2.926,41
326,2262,225203665,3,1681353088.0997,1681353088.5997,6.38322,2.8918,41
327,2263,225212395,3,1681353092.0997,1681353093.5999,9.27235,2.838,41
328,2264,222195093,1,1681353256.0997,1681353256.5996,5.38541,0.0069,20
329,2265,225436432,1,1681353284.0994,1681353285.0997,5.58503,-0.2035,20
330,2266,225718591,1,1681353378.0996,1681353380.0996,4.38211,-0.174,20
331,2267,226046278,1,1681353574.5997,1681353574.5997,2.17441,-2.9163,15
332,2268,226771657,1,1681353808.5998,1681353812.0998,0.597644,2.7924,41
333,2269,226775231,1,1681353822.5998,1681353822.5998,1.94777,2.801,41
334,2270,226931786,1,1681353889.5996,1681353949.0997,0.526239,-0.1063,27
335,2271,226871512,1,1681353936.0997,1681353936.0997,6.01435,2.8414,15
336,2272,227199585,3,1681353999.0997,1681354009.5997,1.15108,-0.0264,16
337,2273,227176356,3,1681354010.5998,1681354011.5998,5.70763,-0.017,18
338,2274,224612312,1,1681354084.5997,1681354084.5997,5.39858,0.2035,16
339,2275,227534246,1,1681354158.0999,1681354158.0999,2.2068,2.8404,41
340,2276,227817996,3,1681354324.5998,1681354324.5998,9.51608,-0.2064,20
341,2277,227880430,1,1681354339.0997,1681354339.0997,6.69058,2.7974,41
342,2278,227854599,1,1681354438.0998,1681354438.5998,5.12851,0.0216,20
343,2279,227431505,1,1681354508.0997,1681354508.5996,3.01509,0.0161,20
344,2280,228362739,1,1681354577.5998,1681354577.5998,0.809034,-0.2556,16
345,2281,228990290,1,1681354836.5997,1681354836.5997,0.451557,2.8131,41
346,2282,229325845,1,1681354988.0997,1681354988.0997,5.28856,0.1228,20
347,2283,229465042,1,1681355021.0997,1681355021.5997,2.61782,2.8002,41
348,2284,229386677,1,1681355023.5998,1681355024.0997,1.42571,2.8143,41
349,2285,229584823,4,1681355070.5996,1681355070.5996,1.16887,-0.3728,16
350,2286,229554454,1,1681355080.5996,1681355081.0996,3.62252,0.0292,20
351,2287,229610525,6,1681355080.5996,1681355081.0996,1.95018,0.1512,27
352,2288,229666209,1,1681355106.0998,1681355172.0998,3.15344,2.8414,41
353,2289,229815454,1,1681355173.5998,1681355173.5998,0.876039,2.8127,41
354,2290,229835053,1,1681355178.0998,1681355178.0998,0.921086,2.8654,41
355,2291,229938424,4,1681355220.5997,1681355220.5997,2.51762,-0.339,18
356,2292,230436714,1,1681355442.0999,1681355442.0999,0.760236,3.019,41
357,2293,230476200,1,1681355461.0997,1681355461.0997,0.776301,3.0033,41
358,2294,230505398,1,1681355472.5998,1681355472.5998,1.01766,2.8202,41
359,2295,230712085,3,1681355573.0997,1681355576.5998,9.5098,3.0307,41
360,2296,230732678,3,1681355574.0997,1681355576.5997,10.8123,2.9885,41
361,2297,230407105,1,1681355575.5997,1681355576.0995,3.77673,-0.0319,20
362,2298,230738300,3,1681355576.5997,1681355577.0997,14.9819,2.8651,41
363,2299,230575772,1,1681355597.5996,1681355598.0995,3.09597,-0.0629,20
364,2300,230864635,1,1681355662.5998,1681355663.0996,5.33439,0.0904,16
365,2301,230954019,1,1681355735.0996,1681355735.0996,0.344704,2.9236,41
366,2302,230643612,1,1681355745.0997,1681355745.0997,0.589901,-0.2778,42
367,2303,230984024,4,1681355763.0997,1681355763.0997,1.61426,2.9014,41
368,2304,231146438,1,1681355770.0997,1681355770.0997,0.203347,2.795,41
369,2305,230886475,1,1681355828.0998,1681355828.5996,1.7231,0.0254,20
370,2306,231280138,1,1681355969.0998,1681355969.0998,4.10894,0.0747,20
371,2307,231396345,1,1681356013.0997,1681356013.0997,1.41351,0.0956,16
372,2308,231696225,1,1681356074.5997,1681356075.0997,3.00225,2.7826,41
373,2309,231737078,1,1681356075.0997,1681356076.0997,2.32132,2.8894,41
374,2310,232152969,3,1681356196.5998,1681356212.0997,1.22063,-2.9354,30
375,2311,232318935,1,1681356265.5997,1681356266.0997,3.78519,2.7884,41
376,2312,232135521,1,1681356285.5996,1681356285.5996,3.18564,0.1089,20
377,2313,232361203,1,1681356453.5997,1681356453.5997,1.6407,0.1862,20
378,2314,232350108,1,1681356458.5997,1681356458.5997,0.963983,-0.0498,20
379,2315,232912569,1,1681356529.0997,1681356529.0997,0.216373,2.8117,41
380,2316,233412748,3,1681356710.5997,1681356711.5997,6.50195,2.9296,21
381,2317,233450183,1,1681356850.0998,1681356850.0998,3.09856,0.1552,20
382,2318,233788421,1,1681356934.0997,1681357010.0996,4.7075,-0.1315,20
383,2319,234056223,1,1681356987.0996,1681356987.0996,3.82303,0.2887,16
384,2320,234177626,1,1681357011.5997,1681357011.5997,0.152161,2.8081,41
385,2321,233641144,1,1681357018.5999,1681357019.0997,2.82149,0.0479,20
386,2322,234388722,1,1681357093.0997,1681357093.0997,0.92122,2.9511,41
387,2323,234576007,4,1681357169.0997,1681357169.0997,1.18147,2.7639,41
388,2324,234538346,1,1681357195.5997,1681357196.0997,3.99806,0.0255,20
389,2325,234659007,1,1681357204.5997,1681357204.5997,0.993349,2.8157,41
390,2326,234541835,1,1681357229.5000,1681357230.0000,2.45986,0.0807,20
391,2327,234961520,3,1681357355.5997,1681357357.5997,1.5459,-0.3482,42
392,2328,234980852,3,1681357361.0999,1681357362.5999,5.17899,-0.0781,20
393,2329,235054072,1,1681357372.0997,1681357373.0997,0.554455,-0.0876,44
394,2330,235165295,1,1681357454.5998,1681357454.5998,3.76484,-0.19,16
395,2331,235220927,1,1681357563.5996,1681357563.5996,8.44826,-0.1715,18
396,2332,235217702,1,1681357581.0997,1681357581.0997,4.00185,0.3274,16
397,2333,235544276,1,1681357581.5998,1681357581.5998,4.0187,2.7806,41
398,2334,235583719,1,1681357600.0997,1681357600.5998,1.01869,2.8191,41
399,2335,235733693,1,1681357662.5999,1681357662.5999,1.65636,2.8192,41
400,2336,235774778,1,1681357682.0999,1681357682.0999,1.3792,2.9381,41
401,2337,235781487,1,1681357683.0999,1681357683.0999,4.70033,2.7715,41
402,2338,235824390,1,1681357754.5998,1681357757.0997,7.88938,-0.1189,16
403,2339,235960400,1,1681357764.1000,1681357764.6000,0.488948,3.1327,41
404,2340,235368725,6,1681357789.0997,1681357789.5997,1.68147,0.1169,20
405,2341,236063557,1,1681357983.5997,1681357984.5996,1.41131,-0.1493,20
406,2342,236653933,3,1681358033.5998,1681358038.0998,11.1432,-0.2181,16
407,2343,236783471,1,1681358102.0997,1681358102.0997,0.794184,2.9426,41
408,2344,236554075,1,1681358155.0999,1681358155.5999,0.46626,-0.0483,20
409,2345,237075514,1,1681358186.5997,1681358186.5997,9.53579,-0.3064,16
410,2346,237130038,1,1681358215.5996,1681358217.0997,1.0987,2.8924,41
411,2347,237154876,1,1681358218.0996,1681358218.5996,1.81737,2.903,41
412,2348,236985442,1,1681358281.5999,1681358283.0996,2.2146,-0.1185,20
413,2349,237242237,1,1681358325.0996,1681358327.5998,8.7449,-0.216,16
414,2350,236875520,1,1681358340.5996,1681358341.0996,3.25672,0.0289,20
415,2351,237037193,1,1681358416.0998,1681358416.0998,3.46461,-0.1923,31
416,2352,238388160,1,1681358829.5997,1681358829.5997,3.68915,0.0934,20
417,2353,238927874,3,1681358955.0996,1681358964.5996,1.10374,-2.7759,17
418,2354,239060977,1,1681359010.0996,1681359010.0996,1.52036,2.8292,41
419,2355,239260721,3,1681359078.0996,1681359080.0996,5.47192,-0.0758,20
420,2356,239296061,1,1681359078.0997,1681359080.0997,5.67646,-0.0916,20
421,2357,236014677,1,1681359092.5997,1681359092.5997,3.03184,-0.163,29
422,2358,239217862,1,1681359138.5997,1681359138.5997,3.53872,0.1308,20
423,2359,239188703,1,1681359157.5997,1681359157.5997,2.52376,2.7916,41
424,2360,239508177,1,1681359167.0996,1681359167.5997,2.73403,2.7959,41
425,2361,239543840,1,1681359232.0996,1681359234.5996,0.740755,2.7782,41
426,2362,239679172,1,1681359293.5997,1681359294.5997,4.53014,0.0121,16
427,2363,239639040,1,1681359333.5999,1681359335.0998,4.28737,-0.2029,20
428,2364,239827942,3,1681359346.5996,1681359348.0997,9.46154,-0.254,18
429,2365,240091459,1,1681359434.0998,1681359434.5998,0.686533,2.864,41
430,2366,239270678,1,1681359464.5996,1681359465.5998,0.451792,-0.3556,16
431,2367,240447232,1,1681359579.0998,1681359579.0998,0.272501,2.7893,41
432,2368,240362902,1,1681359581.5998,1681359581.5998,1.08038,2.8951,41
433,2369,240510089,1,1681359604.0998,1681359604.0998,3.15106,2.9263,41
434,2370,240518886,1,1681359617.0997,1681359617.0997,0.773993,2.8275,41
435,2371,240625396,1,1681359653.0994,1681359679.5997,2.65101,2.8175,41
436,2372,240912980,1,1681359765.0120,1681359766.0995,1.07776,2.7635,41
437,2373,240930565,1,1681359770.0997,1681359770.0997,2.00715,2.9004,28
438,2374,241125336,1,1681359883.0997,1681359884.5998,4.48405,-0.193,20
439,2375,241275947,1,1681359924.0997,1681359924.0997,0.707576,2.9364,41
440,2376,241325932,1,1681359975.5997,1681359976.5997,2.37378,2.7642,41
441,2377,241872839,1,1681360158.5997,1681360179.0996,0.380355,2.7868,41
442,2378,241764710,6,1681360167.5997,1681360168.0997,0.652197,-0.127,20
443,2379,241978948,1,1681360200.0998,1681360200.0998,1.89468,2.8374,41
444,2380,242157710,1,1681360307.0997,1681360368.5997,1.20828,2.8015,41
445,2381,242115329,1,1681360347.5997,1681360348.0997,2.78786,0.1417,16
446,2382,242599901,3,1681360437.0997,1681360469.0997,0.891093,-3.0567,43
447,2383,242393095,1,1681360474.5998,1681360475.0998,4.46166,-0.0172,20
448,2384,238086131,6,1681360494.0998,1681360494.0998,1.25932,0.2062,20
449,2385,242742094,3,1681360501.0997,1681360504.0996,11.3193,2.8868,15
450,2386,242767662,3,1681360530.0997,1681360531.0997,5.0188,-0.1361,16
451,2387,242926388,1,1681360561.5997,1681360628.5996,1.18578,2.8565,41
452,2388,242637721,1,1681360564.5998,1681360569.0997,2.35992,-0.1868,20
453,2389,242871152,1,1681360603.0997,1681360603.0997,13.1641,-0.2291,42
454,2390,243126937,1,1681360736.0998,1681360737.5998,3.65928,-0.0785,20
455,2391,243499684,1,1681360863.5997,1681360864.5997,5.77306,-0.1453,20
456,2392,243467867,1,1681360871.5997,1681360872.0997,3.87891,-0.0329,20
457,2393,243520393,1,1681360886.0997,1681360886.0997,3.47632,0.0706,20
458,2394,243760728,1,1681360915.5998,1681360980.0998,2.28495,2.8146,41
459,2395,243948016,1,1681361033.5997,1681361034.0997,3.08844,0.0785,20
460,2396,244191252,6,1681361090.0997,1681361090.5997,2.65541,2.8726,41
461,2397,244266609,1,1681361247.5997,1681361248.5997,5.83853,-0.1177,20
462,2398,244283932,1,1681361250.5998,1681361250.5998,4.02409,0.0919,20
463,2399,244895814,1,1681361399.0996,1681361400.0996,1.56393,-0.0088,27
464,2400,244907970,3,1681361399.0998,1681361400.0998,1.9337,-0.3269,42
465,2401,244936167,3,1681361401.5997,1681361402.5997,1.07622,2.8287,15
466,2402,245013349,3,1681361439.0998,1681361459.5997,0.957425,3.0755,43
467,2403,244780849,1,1681361455.5999,1681361456.5997,1.42715,0.0201,20
468,2404,245189432,4,1681361503.5997,1681361503.5997,7.44491,2.7762,41
469,2405,245286331,3,1681361554.5998,1681361554.5998,7.56193,2.7841,41
470,2406,244780850,1,1681361576.5996,1681361576.5996,2.67382,0.2443,16
471,2407,245227375,1,1681361621.5998,1681361621.5998,1.22318,2.8298,41
472,2408,245503841,1,1681361728.0998,1681361728.5998,3.85195,2.7682,41
473,2409,245892600,1,1681361783.5997,1681361783.5997,0.330177,2.8971,41
474,2410,245932842,3,1681361799.5999,1681361800.5999,8.68753,2.7852,41
475,2411,245856417,3,1681361800.5999,1681361801.0999,7.09294,2.7671,41
476,2412,246009015,1,1681361839.5999,1681361839.5999,1.94742,2.821,41
477,2413,246005005,3,1681361841.5998,1681361848.0997,5.01809,-0.2077,16
478,2414,246037420,3,1681361848.5998,1681361851.0999,0.869796,0.056,44
479,2415,246312247,1,1681361947.5999,1681361947.5999,4.34974,2.8098,41
480,2416,246486416,1,1681362068.0997,1681362068.0997,1.62507,0.3626,16
481,2417,246712601,1,1681362169.5997,1681362172.5997,6.75522,-0.2067,16
482,2418,246749635,1,1681362286.5997,1681362287.0997,5.958,0.1747,16
483,2419,247370944,1,1681362463.5996,1681362464.0996,2.3587,0.2196,16
484,2420,248243764,3,1681362734.0998,1681362742.0998,8.33033,-0.2469,16
485,2421,248812312,1,1681362968.5997,1681362968.5997,1.01837,2.9416,41
486,2422,248819102,1,1681362969.5996,1681362969.5996,1.16359,2.9266,41
487,2423,248780560,1,1681362980.5997,1681362980.5997,3.7026,0.0888,20
488,2424,248619325,1,1681363036.5998,1681363036.5998,4.58002,0.2936,16
489,2425,248939642,1,1681363140.5997,1681363140.5997,2.07317,0.1931,20
490,2426,249253434,1,1681363156.5997,1681363157.5997,0.714823,2.7649,41
491,2427,249114396,1,1681363171.5997,1681363171.5997,4.31822,0.1431,20
492,2428,249389043,1,1681363285.5997,1681363286.5997,4.17597,-0.0947,20
493,2429,249588511,1,1681363301.5996,1681363326.0996,1.01538,2.8921,41
494,2430,249433005,1,1681363329.0998,1681363329.0998,4.46012,0.3,16
495,2431,248915803,1,1681363413.5997,1681363413.5997,1.63394,0.1802,20
496,2432,249954233,1,1681363467.0996,1681363525.5996,1.33446,2.8452,41
497,2433,249673997,1,1681363467.5999,1681363468.0996,3.19759,0.0493,20
498,2434,249940036,1,1681363478.5997,1681363497.0995,0.345409,-2.928,28
499,2435,249951252,6,1681363565.5996,1681363565.5996,0.379036,2.8114,41
500,2436,250207274,3,1681363570.5997,1681363571.5996,0.512007,-3.126,41
501,2437,250299398,1,1681363676.0997,1681363676.0997,2.12769,-3.1285,41
502,2438,249891797,1,1681363695.5997,1681363695.5997,0.494131,-0.2765,16
503,2439,250500093,1,1681363705.5996,1681363705.5996,0.289566,2.8618,41
504,2440,250653878,1,1681363787.0996,1681363787.0996,1.71424,3.0102,41
505,2441,250366907,1,1681363810.5996,1681363810.5996,4.10412,0.1274,20
506,2442,250428050,1,1681363847.5997,1681363849.0996,4.1617,-0.1288,20
507,2443,251299733,1,1681364075.0999,1681364090.5999,2.73832,2.7666,41
508,2444,251539139,1,1681364183.5995,1681364183.5995,0.554074,2.8102,28
509,2445,251537822,1,1681364185.0998,1681364185.0998,0.651091,2.7754,41
510,2446,251581180,1,1681364383.5998,1681364384.0998,2.16581,-0.0848,20
511,2447,251960797,1,1681364390.0996,1681364391.5997,3.08758,-0.1353,20
512,2448,252426104,1,1681364582.0996,1681364582.0996,1.3306,-0.2253,27
513,2449,252428176,1,1681364582.0998,1681364656.0998,1.88929,2.7822,41
514,2450,252556767,1,1681364702.5998,1681364703.5997,4.47265,-0.0017,20
515,2451,252552526,1,1681364715.0997,1681364715.5999,2.02027,0.1022,20
516,2452,252457370,1,1681364804.0996,1681364804.5999,3.4222,0.077,20
517,2453,252885997,1,1681364910.5997,1681364911.5998,4.10356,-0.076,20
518,2454,253286286,3,1681364954.0998,1681364954.0998,0.38428,3.0755,41
519,2455,252890563,1,1681364989.0997,1681364989.5997,0.438877,-3.0147,28
520,2456,253466437,3,1681365043.5999,1681365044.5998,1.36045,2.8973,15
521,2457,253579192,1,1681365074.0997,1681365074.0997,1.11069,2.8925,41
522,2458,253463928,1,1681365107.0997,1681365108.5997,0.855649,2.7896,41
523,2459,253640340,1,1681365165.0996,1681365165.0996,1.02367,2.922,41
524,2460,253605417,1,1681365185.5996,1681365187.0996,4.20271,-0.1835,20
525,2461,253815381,1,1681365291.0998,1681365291.0998,3.18187,0.1981,20
526,2462,254061754,4,1681365302.5998,1681365302.5998,1.79318,-0.2911,16
527,2463,254457028,3,1681365478.0997,1681365479.0997,4.67601,2.7637,41
528,2464,254569296,1,1681365524.5997,1681365524.5997,0.528379,2.8419,41
529,2465,254603681,1,1681365612.5996,1681365612.5996,0.512319,2.9482,28
530,2466,253554479,4,1681365757.5997,1681365757.5997,0.844855,-0.0769,20
531,2467,255213191,4,1681365810.5997,1681365811.5996,1.64821,-0.3142,16
532,2468,255273778,4,1681365822.5997,1681365822.5997,0.424764,-0.2285,16
533,2469,255473033,1,1681365903.0977,1681365904.5998,0.94749,2.8957,41
534,2470,255372700,1,1681365905.0998,1681365905.0998,0.280567,2.8187,41
535,2471,255395144,1,1681365906.5998,1681365906.5998,5.01632,2.9883,41
536,2472,255212947,1,1681365916.5999,1681365916.5999,2.84221,2.8959,41
537,2473,255479743,3,1681365926.0996,1681365926.5996,3.74482,-2.7627,28
538,2474,255656081,1,1681366003.0997,1681366004.5997,2.71118,-0.0765,20
539,2475,255689715,3,1681366003.5998,1681366010.0997,11.5555,-0.262,16
540,2476,255653031,1,1681366023.0998,1681366023.5998,3.82987,0.169,16
541,2477,255825662,1,1681366049.0997,1681366049.0997,2.84725,2.7939,41
542,2478,255595542,1,1681366060.5997,1681366062.0996,2.28735,-0.1793,20
543,2479,255652015,1,1681366147.5997,1681366147.5997,2.35234,-2.828,15
544,2480,255975061,1,1681366259.5998,1681366259.5998,3.83565,0.1578,20
545,2481,256148857,1,1681366314.0997,1681366314.5998,4.98064,0.0058,20
546,2482,256475672,1,1681366454.0995,1681366454.5997,4.23732,-0.0214,20
547,2483,257107674,6,1681366705.5996,1681366723.0996,0.806629,2.7901,41
548,2484,256979245,1,1681366779.0998,1681366780.0999,1.09254,-0.1709,22
549,2485,257510902,1,1681366793.5996,1681366795.0997,4.41262,-0.0791,20
550,2486,256108154,1,1681366963.5997,1681366963.5997,1.7238,-0.2625,16
551,2487,257874800,3,1681366965.5997,1681366966.5997,9.01221,-0.202,18
552,2488,257892037,1,1681366972.0996,1681366972.0996,0.264876,2.9191,41
553,2489,257860175,1,1681366998.5998,1681366999.5997,2.75991,-0.0984,20
554,2490,257828725,1,1681367057.0997,1681367057.5997,6.02981,0.0846,16
555,2491,258187108,1,1681367080.0997,1681367141.0997,0.656624,2.7732,41
556,2492,258223984,1,1681367123.0996,1681367143.0972,0.41976,2.781,41
557,2493,258714642,3,1681367331.0997,1681367368.5997,1.01536,-2.8358,17
558,2494,258813553,1,1681367371.5996,1681367371.5996,0.32028,3.0389,41
559,2495,258950776,1,1681367479.0997,1681367479.0997,0.362443,2.7975,41
560,2496,258641253,1,1681367487.5996,1681367487.5996,3.10239,0.1196,20
561,2497,258608800,1,1681367518.0996,1681367518.0996,4.02161,0.1369,20
562,2498,259201728,1,1681367554.5996,1681367589.0996,0.993136,2.772,41
563,2499,259244974,1,1681367574.0998,1681367574.0998,0.664488,-0.1429,29
564,2500,258867826,1,1681367609.0999,1681367610.5997,1.59358,-0.1047,20
565,2501,259364186,3,1681367628.0996,1681367628.0996,2.75943,-0.3097,42
566,2502,259547464,1,1681367774.5996,1681367775.5997,4.06835,-0.0711,20
567,2503,259846966,1,1681367856.0997,1681367856.0997,0.41712,2.9374,41
568,2504,259815927,3,1681367861.5998,1681367861.5998,9.88866,-0.1947,16
569,2505,259784678,1,1681367876.0997,1681367877.0998,4.65861,-0.1476,20
570,2506,260277854,1,1681368052.5997,1681368052.5997,0.594265,2.8003,41
571,2507,260376906,1,1681368092.0997,1681368092.5997,1.25921,2.7911,41
572,2508,260396963,1,1681368114.5997,1681368114.5997,1.37127,-0.2251,16
573,2509,258588127,1,1681368125.5997,1681368126.0997,2.77108,0.086,20
574,2510,260554234,1,1681368263.0998,1681368263.0998,3.74141,0.0399,20
575,2511,261100890,1,1681368411.0996,1681368412.0996,0.806415,2.7651,41
576,2512,261055022,1,1681368471.5997,1681368475.0999,0.712239,0.0832,20
577,2513,261261059,3,1681368471.5997,1681368471.5997,1.00703,-3.0212,30
578,2514,261061026,1,1681368496.0998,1681368496.5998,5.19825,0.0023,16
579,2515,261353814,1,1681368512.5996,1681368512.5996,2.54624,2.8868,41
580,2516,261355290,1,1681368514.0996,1681368514.0996,3.58073,2.826,41
581,2517,261448940,1,1681368655.0998,1681368655.0998,2.05372,0.1473,20
582,2518,261595299,1,1681368676.5997,1681368677.5997,2.70151,-0.0457,20
583,2519,261860953,1,1681368728.5996,1681368728.5996,1.40822,2.9251,41
584,2520,261831724,1,1681368730.5996,1681368730.5996,0.399375,2.8939,41
585,2521,261835913,1,1681368732.5997,1681368732.5997,1.19724,2.8003,41
586,2522,261911241,1,1681368750.0996,1681368750.5996,2.70915,2.8779,41
587,2523,261993777,4,1681368781.0997,1681368781.0997,0.822271,2.9087,41
588,2524,262360737,1,1681368975.0998,1681368975.0998,0.673439,3.0119,28
589,2525,261672831,1,1681368977.0997,1681368977.0997,3.83472,0.3826,16
590,2526,262884877,1,1681369174.5997,1681369175.0997,1.01015,2.9037,41
591,2527,263368377,1,1681369354.5997,1681369354.5997,4.16601,2.9379,24
592,2528,260382577,6,1681369365.5997,1681369365.5997,0.324129,-0.1675,16
593,2529,263353114,1,1681369475.5997,1681369475.5997,5.32422,0.0282,20
594,2530,263733403,1,1681369514.5998,1681369517.0998,0.651386,2.8746,41
595,2531,263842285,1,1681369552.5997,1681369553.0998,0.563257,-0.3288,16
596,2532,264276186,1,1681369735.5996,1681369736.0996,1.05273,2.7744,41
597,2533,263951468,1,1681369754.5997,1681369754.5997,4.37613,-0.2714,16
598,2534,264600493,1,1681369954.0998,1681369960.0998,1.17134,2.7866,41
599,2535,264217622,1,1681369967.5997,1681369967.5997,1.93337,0.2042,20
600,2536,265030346,3,1681370051.0997,1681370052.0997,4.39408,-0.3535,42
601,2537,265406572,1,1681370232.5997,1681370247.5998,0.635199,-0.0606,27
602,2538,265298612,1,1681370291.0998,1681370291.0998,3.7356,0.057,20
603,2539,265652995,1,1681370308.5996,1681370308.5996,1.59147,2.9944,41
604,2540,265354812,1,1681370311.5996,1681370312.0997,1.01723,0.1282,20
605,2541,265510518,1,1681370324.0996,1681370331.5997,0.57318,2.7666,41
606,2542,265799902,1,1681370434.5997,1681370439.5996,1.1684,-0.2599,16
607,2543,265722634,1,1681370444.5997,1681370444.5997,2.63291,0.1897,20
608,2544,265803253,1,1681370520.5999,1681370521.5999,3.30667,3.0076,41
609,2545,266113952,3,1681370522.0996,1681370528.5996,0.863762,0.1075,20
610,2546,266035576,1,1681370572.0996,1681370572.0996,2.53783,0.1136,20
611,2547,266270105,1,1681370574.0998,1681370635.0997,0.918064,2.8087,41
612,2548,267052635,6,1681370906.5996,1681370907.0998,1.82704,2.8009,41
613,2549,266943591,1,1681370931.5998,1681370932.0998,5.14831,-0.0028,20
614,2550,267245177,1,1681371013.0997,1681371013.0997,0.523421,2.8567,41
615,2551,267501497,1,1681371089.0997,1681371089.0997,4.64841,2.7678,41
616,2552,267745810,1,1681371299.5996,1681371299.5996,2.716,0.1102,20
617,2553,268482519,6,1681371472.0998,1681371472.0998,1.17465,2.7817,41
618,2554,268533647,1,1681371564.0996,1681371564.0996,1.05763,0.154,20
619,2555,269191246,1,1681371772.0996,1681371772.0996,2.38426,-3.0842,26
620,2556,269306623,1,1681371797.0997,1681371797.0997,0.107581,2.7662,41
621,2557,268931150,1,1681371825.5997,1681371826.0997,4.32018,-0.0127,20
622,2558,269647369,1,1681371925.6000,1681371925.6000,16.2953,-0.3786,16
623,2559,269652733,6,1681371992.0996,1681371992.0996,1.32542,2.7806,41
624,2560,269772876,1,1681372001.5997,1681372001.5997,1.37759,2.9676,41
625,2561,269585687,1,1681372093.5997,1681372093.5997,4.85614,0.1494,20
626,2562,270142073,1,1681372156.5997,1681372159.0997,1.28223,2.8661,41
627,2563,270091099,1,1681372161.5996,1681372161.5996,0.598114,2.8826,41
628,2564,269890727,1,1681372193.0997,1681372193.5997,4.16607,0.0376,20
629,2565,270253554,1,1681372260.0997,1681372260.5997,5.07196,-0.0089,20
630,2566,270541827,1,1681372296.0996,1681372296.0996,1.45651,2.7889,41
631,2567,270389618,1,1681372297.5997,1681372298.5996,4.86125,-0.1249,20
632,2568,270418446,1,1681372328.0997,1681372328.0997,0.253259,2.9522,41
633,2569,270601826,1,1681372331.0997,1681372331.0997,0.956379,2.8412,41
634,2570,270564154,1,1681372463.0996,1681372463.5996,4.61238,-0.0868,20
635,2571,270338812,1,1681372492.5997,1681372494.5997,2.01104,-0.1835,20
636,2572,270711091,1,1681372495.5997,1681372506.0997,1.14633,-0.1092,20
637,2573,271149205,1,1681372555.0997,1681372556.0996,1.54538,2.7775,41
638,2574,271271503,1,1681372605.0997,1681372605.0997,0.282163,2.9281,41
639,2575,271323539,1,1681372633.0996,1681372635.5996,1.91175,2.7715,41
640,2576,271428338,1,1681372668.5997,1681372668.5997,0.87095,2.9425,41
641,2577,271371753,1,1681372673.5997,1681372674.0997,2.16147,2.9839,41
642,2578,271454414,1,1681372680.5997,1681372680.5997,1.98368,-2.9952,43
643,2579,271577805,1,1681372734.0997,1681372734.5996,1.1527,2.8027,41
644,2580,271575704,1,1681372735.0996,1681372735.0996,2.45301,2.8386,41
